Date,Value,Open,Close,High,Low
25/07/13,2903820.0,0.34,2.99,5.99,0.01
26/07/13,147610.0,2.9,2.64,2.9,2.5
29/07/13,2558430.0,2.52,2.19,2.52,1.7
30/07/13,297570.0,2.19,1.96,2.19,1.94
31/07/13,18260.0,1.78,1.99,1.99,1.78
05/08/13,158080.0,1.79,1.96,1.96,1.77
07/08/13,10380.0,1.98,1.68,1.98,1.68
08/08/13,1950.0,1.95,1.95,1.95,1.95
12/08/13,16140.0,1.94,1.93,1.94,1.72
14/08/13,101790.0,1.73,1.75,1.75,1.7
15/08/13,69380.0,1.88,1.89,1.89,1.86
16/08/13,5170.0,1.73,1.72,1.73,1.72
22/08/13,187550.0,1.9,1.75,1.92,1.75
23/08/13,131550.0,1.86,2.3,2.3,1.82
28/08/13,22300.0,2.2,2.2,2.25,2.2
29/08/13,67590.0,2.06,1.9,2.06,1.9
30/08/13,2200.0,2.2,2.2,2.2,2.2
03/09/13,2598890.0,2.1,2.2,3.04,2.05
04/09/13,180250.0,2.2,2.19,2.2,2.02
05/09/13,28500.0,2.07,2.02,2.07,2.02
06/09/13,324090.0,2.03,2.02,2.29,2.0
09/09/13,111720.0,2.42,2.13,2.42,2.0
10/09/13,72310.0,2.02,2.03,2.13,2.02
11/09/13,79190.0,2.02,2.1,2.23,2.0
13/09/13,66740.0,2.03,2.01,2.19,2.01
16/09/13,40820.0,2.01,2.15,2.2,2.0
17/09/13,4000.0,2.0,2.0,2.0,2.0
18/09/13,184150.0,2.0,1.99,2.0,1.93
19/09/13,2150.0,2.15,2.15,2.15,2.15
20/09/13,11700.0,1.95,1.95,1.95,1.95
25/09/13,23900.0,2.0,1.95,2.0,1.95
26/09/13,10240.0,2.03,2.03,2.12,2.03
27/09/13,12179.999999999998,2.03,2.03,2.03,2.03
30/09/13,15860.0,1.99,1.98,1.99,1.98
01/10/13,5880.0,1.96,1.96,1.96,1.96
04/10/13,5940.0,1.98,1.98,1.98,1.98
07/10/13,3910.0,1.96,1.95,1.96,1.95
09/10/13,44790.0,2.0,2.09,2.09,2.0
10/10/13,40140.0,2.09,2.15,2.2,2.05
11/10/13,12640.0,2.2,2.06,2.2,2.06
14/10/13,41760.0,2.2,2.2,2.2,2.19
16/10/13,21000.0,2.1,2.1,2.1,2.1
18/10/13,45870.0,2.09,2.08,2.09,2.08
21/10/13,8179.999999999999,2.09,2.03,2.09,2.03
22/10/13,14410.0,2.05,2.08,2.08,2.05
24/10/13,540190.0,2.12,2.18,2.5,2.12
25/10/13,104340.00000000001,2.22,2.22,2.22,2.22
29/10/13,68070.0,2.17,2.16,2.35,2.16
30/10/13,318640.0,2.2,2.39,2.39,2.2
31/10/13,66760.0,2.48,2.34,2.48,2.23
04/11/13,18160.0,2.23,2.25,2.34,2.23
05/11/13,170210.0,2.24,2.34,2.48,2.24
06/11/13,219360.0,2.46,2.31,2.46,2.25
07/11/13,35100.0,2.26,2.36,2.36,2.26
08/11/13,4237510.0,2.3,3.0,3.45,2.3
11/11/13,4870730.0,3.05,4.47,4.5,3.05
12/11/13,6532980.0,4.65,6.02,6.5,4.65
13/11/13,7086931.0,6.03,5.1,6.99,5.04
14/11/13,2503650.0,5.09,4.07,5.09,4.02
15/11/13,323100.0,4.1,3.51,4.1,3.51
18/11/13,192180.0,2.7,3.18,3.51,2.7
19/11/13,167240.0,3.48,3.2,3.79,3.2
20/11/13,201820.0,3.12,3.3,3.55,3.12
21/11/13,178580.0,3.28,2.96,3.28,2.9
22/11/13,308940.0,2.9,2.7,2.9,2.7
25/11/13,84090.0,2.8,2.79,2.83,2.79
26/11/13,81200.0,2.75,2.2,2.75,2.2
27/11/13,271870.0,2.0,2.2,2.35,2.0
28/11/13,39260.0,2.2,2.1,2.2,2.01
29/11/13,68450.0,2.2,2.2,2.25,2.2
02/12/13,139480.0,2.1,2.6,3.0,2.02
03/12/13,64300.0,2.98,2.6,3.0,2.6
04/12/13,34400.0,2.9,2.55,2.9,2.4
10/12/13,31000.0,2.55,2.4,2.55,2.3
12/12/13,133180.0,2.22,2.1,2.3,2.1
13/12/13,33540.0,2.12,2.22,2.39,2.12
16/12/13,24560.0,2.24,2.28,2.28,2.19
17/12/13,2200.0,2.2,2.2,2.2,2.2
18/12/13,4610.0,2.14,2.47,2.47,2.14
19/12/13,16880.0,2.39,2.45,2.45,2.39
20/12/13,4400.0,2.2,2.2,2.2,2.2
26/12/13,56580.0,2.21,2.02,2.21,2.02
27/12/13,174040.0,2.02,2.17,2.19,2.02
02/01/14,6720.0,2.2,2.25,2.27,2.2
07/01/14,16980.0,2.05,2.24,2.24,2.05
08/01/14,606740.0,2.2,2.14,2.7,2.11
20/01/14,235360.0,2.6,3.21,3.21,2.6
21/01/14,740740.0,4.81,4.81,4.81,4.81
22/01/14,2774700.0,5.99,3.9,5.99,3.85
23/01/14,434940.0,4.37,3.76,4.37,3.5
24/01/14,634340.0,3.7,3.41,3.7,3.21
27/01/14,999560.0,3.68,3.78,4.0,3.5
28/01/14,54400.0,3.6,3.7,3.7,3.6
29/01/14,35820.0,3.6,3.54,3.6,3.54
30/01/14,136400.0,3.6,3.32,3.6,3.32
03/02/14,39800.0,3.32,3.32,3.32,3.31
04/02/14,61260.0,3.31,3.47,3.48,3.13
05/02/14,1777260.0,3.5,3.85,4.18,3.5
06/02/14,4701950.0,3.8,3.3,3.8,3.0
07/02/14,1528390.0,3.7,3.08,3.7,2.99
10/02/14,452100.0,3.0,2.81,3.0,2.7
11/02/14,403830.0,2.81,2.81,2.81,2.65
12/02/14,30180.0,2.81,2.71,2.81,2.69
13/02/14,55570.0,2.72,2.49,2.72,2.41
14/02/14,47450.0,2.66,2.61,2.76,2.58
17/02/14,23290.0,2.52,2.61,2.61,2.52
19/02/14,263800.0,2.6,2.8,2.94,2.6
20/02/14,70570.0,2.82,2.68,2.83,2.47
21/02/14,531440.0,2.7,2.5,2.75,2.5
24/02/14,532470.0,2.55,2.5,2.72,2.49
25/02/14,283760.0,2.5,2.49,2.59,2.49
26/02/14,179540.0,2.5,2.5,2.61,2.5
27/02/14,668600.0,2.46,2.22,2.49,2.22
28/02/14,48060.0,2.24,2.3,2.3,2.24
03/03/14,53770.0,2.3,2.34,2.35,2.3
04/03/14,110530.0,2.41,2.3,2.43,2.21
05/03/14,151500.0,2.3,2.28,2.3,2.25
06/03/14,76979.99999999999,2.28,2.26,2.28,2.22
07/03/14,16000.0,2.28,2.28,2.3,2.28
10/03/14,453420.0,2.21,2.18,2.3,2.18
11/03/14,456260.0,2.22,2.17,2.23,2.17
12/03/14,243320.0,2.17,2.18,2.2,2.17
13/03/14,17980.0,2.25,2.21,2.26,2.21
14/03/14,17760.0,2.22,2.22,2.22,2.22
17/03/14,1093140.0,2.3,2.48,2.66,2.3
18/03/14,1396720.0,2.56,2.57,2.76,2.51
19/03/14,265100.0,2.55,2.46,2.55,2.46
20/03/14,35018580.0,2.43,2.54,2.75,2.43
21/03/14,286820.0,2.55,2.65,2.73,2.55
24/03/14,26946240.0,2.65,2.56,2.65,2.56
25/03/14,77800.0,2.53,2.5,2.53,2.5
26/03/14,1533300.0,2.64,2.85,2.87,2.64
27/03/14,949900.0,2.91,2.96,3.2,2.88
28/03/14,820270.0,2.98,3.0,3.04,2.92
31/03/14,567320.0,2.95,2.63,2.95,2.63
01/04/14,93600.0,2.63,2.76,2.76,2.63
02/04/14,83630.0,2.76,2.75,2.78,2.65
04/04/14,24120.0,2.68,2.68,2.68,2.68
07/04/14,160120.0,2.67,2.71,2.71,2.65
08/04/14,261670.0,2.65,2.73,2.73,2.64
10/04/14,231100.0,2.73,2.89,2.9,2.73
11/04/14,128760.0,2.87,2.89,2.89,2.83
14/04/14,1472720.0,2.84,2.99,3.15,2.83
15/04/14,370000.0,3.0,2.99,3.0,2.87
16/04/14,381870.0,2.9,3.08,3.1,2.9
21/04/14,8970.0,2.99,2.99,2.99,2.99
22/04/14,31521089.999999996,3.03,3.03,3.03,3.03
23/04/14,1178860.0,3.03,3.25,3.3,3.03
24/04/14,189950.0,3.25,3.3,3.3,3.2
25/04/14,349680.0,3.11,2.99,3.19,2.93
28/04/14,12240.0,3.17,2.95,3.17,2.95
29/04/14,175730710.0,3.0,3.61,4.42,2.95
30/04/14,2991500.0,3.74,3.52,3.97,3.4
02/05/14,1499140.0,3.5,3.48,3.77,3.33
05/05/14,68750.0,3.4,3.43,3.5,3.4
06/05/14,563180.0,3.43,3.47,3.55,3.43
07/05/14,268700.0,3.47,3.43,3.48,3.43
08/05/14,412770.0,3.11,3.38,3.39,3.11
09/05/14,49779810.0,3.35,3.53,3.53,3.35
12/05/14,37861850.0,3.5,3.62,4.15,3.5
13/05/14,272840.0,3.32,3.75,3.77,3.32
14/05/14,238320.0,3.86,3.7,3.86,3.4
15/05/14,648540.0,3.01,3.5,3.65,3.01
16/05/14,297310.0,3.22,3.31,3.59,3.22
19/05/14,471630.0,3.12,3.47,3.49,3.12
20/05/14,557920.0,3.63,3.65,3.65,3.31
21/05/14,4893350.0,3.75,4.53,4.86,3.75
22/05/14,1081320.0,4.7,4.46,4.86,4.3
23/05/14,67200.0,4.46,4.16,4.46,4.16
26/05/14,3862970.0,4.49,4.82,5.46,4.25
27/05/14,1157720.0,4.85,5.0,5.33,4.85
28/05/14,979975.0,4.51,4.89,5.0,4.5
29/05/14,271130.0,4.5,4.7,4.73,4.5
30/05/14,894980.0,4.51,4.42,4.55,4.4
02/06/14,135590.0,4.59,4.35,4.59,4.15
03/06/14,592270.0,4.21,4.57,5.5,4.21
04/06/14,1892370.0,4.57,4.95,5.2,4.57
05/06/14,221870.0,4.85,4.71,4.99,4.64
06/06/14,274520.0,4.75,4.88,4.99,4.75
09/06/14,405290.0,4.71,4.84,4.84,4.7
10/06/14,465700.0,4.72,4.7,4.72,4.7
11/06/14,645330.0,4.8,4.9,4.91,4.75
13/06/14,1124580.0,4.93,5.05,5.39,4.93
16/06/14,1210437.0,5.05,5.58,5.9,5.05
17/06/14,889248.0,5.58,5.28,5.93,5.18
18/06/14,575957.0,5.1,5.15,5.27,4.9
19/06/14,929731.0,5.39,4.7,5.39,4.7
20/06/14,99750.0,5.5,4.9,5.5,4.75
23/06/14,121470.0,4.6,4.8,4.8,4.5
24/06/14,69870.0,4.57,4.79,4.79,4.57
25/06/14,77380.0,4.58,4.6,4.6,4.5
26/06/14,344860.0,4.99,4.79,4.99,4.6
27/06/14,65520.0,4.7,4.6,4.7,4.6
30/06/14,695520.0,4.52,4.4,4.52,4.25
02/07/14,8800.0,4.4,4.4,4.4,4.4
03/07/14,21970.0,4.39,4.4,4.4,4.39
04/07/14,4400.0,4.4,4.4,4.4,4.4
07/07/14,153690.0,4.21,4.36,4.4,4.21
08/07/14,241460.0,4.29,4.36,4.36,4.2
09/07/14,639730.0,4.23,4.5,4.65,4.23
10/07/14,4500.0,4.5,4.5,4.5,4.5
11/07/14,172960.0,4.5,4.5,4.64,4.5
14/07/14,31500.0,4.5,4.5,4.5,4.5
15/07/14,81000.0,4.5,4.5,4.5,4.5
17/07/14,85500.0,4.5,4.5,4.5,4.5
18/07/14,22500.0,4.5,4.5,4.5,4.5
21/07/14,12920.0,4.31,4.3,4.31,4.3
22/07/14,249400.0,4.3,4.3,4.3,4.3
23/07/14,38700.0,4.3,4.3,4.3,4.3
24/07/14,81700.0,4.3,4.3,4.3,4.3
25/07/14,172040.0,4.31,4.3,4.31,4.3
28/07/14,25800.0,4.3,4.3,4.3,4.3
30/07/14,73160.0,4.31,4.3,4.31,4.3
31/07/14,4400.0,4.4,4.4,4.4,4.4
01/08/14,90340.0,4.31,4.3,4.31,4.3
05/08/14,17200.0,4.3,4.3,4.3,4.3
06/08/14,44400.0,4.3,4.5,4.5,4.3
07/08/14,176960.0,4.41,4.49,4.49,4.41
08/08/14,101690.0,4.48,4.4,4.48,4.4
11/08/14,377290.0,4.41,4.3,4.41,4.3
12/08/14,38700.0,4.3,4.3,4.3,4.3
13/08/14,542450.0,4.3,4.4,4.5,4.3
14/08/14,348780.0,4.34,4.3,4.34,4.3
15/08/14,42010.0,4.2,4.21,4.21,4.2
18/08/14,260400.0,4.2,4.2,4.2,4.2
20/08/14,33300.0,3.69,3.78,3.78,3.69
26/08/14,3880.0,3.88,3.88,3.88,3.88
29/08/14,17080.0,4.26,4.28,4.28,4.26
01/09/14,25360.0,4.28,4.2,4.28,4.2
02/09/14,54390.0,4.2,4.13,4.2,4.13
03/09/14,71080.0,4.2,4.13,4.25,4.13
04/09/14,12270.0,4.09,4.09,4.09,4.09
05/09/14,356900.0,4.1,4.1,4.12,4.1
08/09/14,356980.0,4.12,4.07,4.12,4.07
09/09/14,170160.0,4.07,4.01,4.07,4.01
10/09/14,48000.0,4.0,4.0,4.0,4.0
11/09/14,706490.0,3.9,3.61,3.9,3.61
12/09/14,72030.0,3.6,3.61,3.61,3.6
15/09/14,14440.0,3.61,3.61,3.61,3.61
16/09/14,14750.0,3.61,3.6,3.93,3.6
17/09/14,3900.0,3.9,3.9,3.9,3.9
18/09/14,92190.0,3.89,3.8,3.9,3.8
22/09/14,244990.0,3.93,3.98,4.0,3.93
23/09/14,19040.0,3.8,3.74,3.9,3.74
24/09/14,11250.0,3.75,3.76,3.76,3.74
26/09/14,439140.0,3.77,3.96,4.15,3.77
29/09/14,428590.0,3.82,4.1,4.15,3.65
01/10/14,268880.0,3.9,4.08,4.09,3.68
03/10/14,53710.0,3.63,3.99,4.0,3.63
07/10/14,382000.0,3.66,3.96,3.97,3.66
08/10/14,1764920.0,3.98,4.7,4.97,3.98
09/10/14,1060810.0,4.76,5.0,5.15,4.76
10/10/14,651140.0,4.9,4.82,5.0,4.82
13/10/14,1433580.0,4.85,4.25,4.85,4.25
14/10/14,338430.0,4.1,4.1,4.44,3.7
15/10/14,20660.0,4.19,4.09,4.2,4.09
16/10/14,95800.0,4.05,3.95,4.05,3.95
17/10/14,304150.0,3.95,3.9,3.95,3.8
20/10/14,119200.0,3.9,4.0,4.0,3.9
22/10/14,240080.0,3.9,3.76,3.9,3.76
23/10/14,161000.0,3.76,3.9,3.9,3.76
24/10/14,64710.0,3.75,3.75,3.89,3.75
27/10/14,42460.0,3.75,4.0,4.0,3.75
30/10/14,23850.0,3.95,4.05,4.05,3.95
03/11/14,35950.0,3.99,4.0,4.0,3.99
05/11/14,190780.0,3.75,3.72,3.75,3.72
06/11/14,210890.0,3.75,3.68,3.75,3.68
12/11/14,14110.0,3.2,3.98,3.98,3.2
14/11/14,6670.0,3.34,3.33,3.34,3.33
17/11/14,6780.0,3.39,3.39,3.39,3.39
18/11/14,43230.0,3.93,3.93,3.93,3.93
19/11/14,55940.0,3.95,3.98,3.98,3.4
21/11/14,1965350.0,4.0,3.98,4.2,3.7
25/11/14,46160.0,4.2,4.16,4.2,4.16
26/11/14,8080.0,4.04,4.04,4.04,4.04
27/11/14,111000.0,3.7,3.7,3.7,3.7
28/11/14,37000.0,3.7,3.7,3.7,3.7
01/12/14,7400.0,3.7,3.7,3.7,3.7
03/12/14,8000.0,4.0,4.0,4.0,4.0
04/12/14,7380.0,3.39,3.99,3.99,3.39
12/12/14,67200.0,3.37,3.35,3.37,3.35
15/12/14,7100.0,3.55,3.55,3.55,3.55
16/12/14,25150.0,3.55,3.9,3.9,3.36
17/12/14,7800.0,3.9,3.9,3.9,3.9
18/12/14,576840.0,3.9,3.97,4.0,3.6
19/12/14,620160.0,4.0,4.16,4.16,3.66
22/12/14,119340.0,3.82,4.14,4.16,3.82
23/12/14,87100.0,4.16,4.15,4.16,4.14
05/01/15,194190.0,3.8,4.14,4.14,3.8
06/01/15,85810.0,4.0,4.1,4.13,4.0
07/01/15,222190.0,3.8,4.05,4.07,3.75
12/01/15,2115240.0,3.98,4.1,4.13,3.98
13/01/15,259040.0,4.0,3.98,4.09,3.98
14/01/15,11700.0,3.9,3.9,3.9,3.9
21/01/15,25270.0,3.7,3.41,3.7,3.36
22/01/15,36770.0,3.7,3.42,3.89,3.42
23/01/15,102410.0,3.32,3.7,3.7,3.32
26/01/15,7400.0,3.7,3.7,3.7,3.7
27/01/15,193570.0,3.25,3.7,3.7,3.25
28/01/15,3680.0,3.68,3.68,3.68,3.68
30/01/15,3330.0,3.33,3.33,3.33,3.33
02/02/15,13440.0,3.36,3.36,3.36,3.36
04/02/15,16230.0,3.25,3.24,3.25,3.24
05/02/15,3490.0,3.49,3.49,3.49,3.49
10/02/15,61260.0,3.23,3.3,3.44,3.2
11/02/15,89720.0,3.2,3.21,3.21,3.2
12/02/15,80200.0,3.21,3.2,3.23,3.2
13/02/15,36030.0,3.21,3.29,3.29,3.21
16/02/15,25600.0,3.2,3.2,3.2,3.2
17/02/15,49010.0,3.2,3.39,3.39,3.2
18/02/15,169000.0,3.35,3.22,3.35,3.22
20/02/15,4958450.0,3.2,3.25,3.25,3.2
23/02/15,271090.0,3.24,4.0,4.0,3.24
24/02/15,15880980.0,3.6,3.9,4.0,3.36
25/02/15,42139370.0,4.15,3.2,4.49,3.2
26/02/15,5635650.0,3.25,3.03,3.4,3.0
27/02/15,3145460.0,3.08,2.83,3.08,2.76
02/03/15,466750.0,2.93,2.8,2.93,2.78
03/03/15,258050.0,2.81,2.8,2.91,2.8
04/03/15,103130.0,2.92,2.84,2.92,2.8
05/03/15,313170.0,2.9,2.8,2.9,2.8
06/03/15,676750.0,2.85,2.8,2.97,2.8
09/03/15,284220.0,2.8,2.84,2.9,2.75
10/03/15,262200.0,2.76,2.76,2.76,2.76
11/03/15,181710.0,2.76,2.73,2.77,2.73
12/03/15,119720.0,2.72,2.72,2.73,2.72
13/03/15,205310.0,2.71,2.69,2.76,2.69
16/03/15,1395480.0,2.67,2.56,2.8,2.53
17/03/15,20220.0,2.52,2.54,2.54,2.52
18/03/15,7850.0,2.6,2.65,2.65,2.6
19/03/15,2640.0,2.64,2.64,2.64,2.64
20/03/15,140780.0,2.55,2.68,2.68,2.55
24/03/15,169790.0,2.56,2.68,2.68,2.52
25/03/15,28350.0,2.68,2.72,2.72,2.52
26/03/15,3016640.0,2.34,3.05,3.16,2.34
27/03/15,2761430.0,3.04,2.94,3.19,2.61
30/03/15,189500.0,2.94,2.93,3.04,2.75
31/03/15,888750.0,2.99,2.89,2.99,2.79
01/04/15,2858030.0,2.88,3.0,3.0,2.86
06/04/15,90110.0,2.88,2.92,3.07,2.8
07/04/15,61850.0,3.03,2.94,3.03,2.85
08/04/15,304510.0,2.85,2.68,2.93,2.68
10/04/15,160200.0,2.93,2.86,2.93,2.7
13/04/15,225890.0,2.71,2.66,2.81,2.66
14/04/15,23610.0,2.62,2.63,2.63,2.62
15/04/15,100130.0,2.63,2.64,2.64,2.63
16/04/15,120950.0,2.64,2.74,2.74,2.61
17/04/15,145100.0,2.7,2.81,2.81,2.63
20/04/15,1379020.0,2.65,2.74,2.81,2.6
21/04/15,487630.0,2.63,2.55,2.76,2.55
22/04/15,450180.0,2.52,2.49,2.67,2.42
24/04/15,188710.0,2.46,2.54,2.6,2.4
27/04/15,182090.0,2.5,2.69,2.69,2.5
29/04/15,15600.0,2.6,2.6,2.6,2.6
05/05/15,52000.0,2.6,2.6,2.6,2.6
06/05/15,54860.0,2.5,2.43,2.5,2.43
07/05/15,27500.0,2.5,2.5,2.5,2.5
08/05/15,170060.0,2.42,2.43,2.5,2.42
11/05/15,507490.0,2.45,2.4,2.45,2.38
12/05/15,38500.0,2.4,2.4,2.41,2.4
13/05/15,19400.0,2.45,2.41,2.45,2.41
15/05/15,2410.0,2.41,2.41,2.41,2.41
18/05/15,12000.0,2.4,2.4,2.4,2.4
19/05/15,59670.0,2.4,2.47,2.47,2.36
20/05/15,46790.0,2.47,2.39,2.48,2.39
21/05/15,158780.0,2.39,2.36,2.39,2.36
22/05/15,23600.0,2.36,2.36,2.36,2.36
25/05/15,9580.0,2.39,2.4,2.4,2.39
26/05/15,28380.0,2.36,2.38,2.38,2.36
27/05/15,40030.0,2.36,2.35,2.36,2.35
28/05/15,126600.0,2.32,2.3,2.32,2.3
29/05/15,13500.0,2.25,2.25,2.25,2.25
01/06/15,44940.0,2.25,2.24,2.25,2.24
02/06/15,244200.0,2.2,2.2,2.2,2.2
08/06/15,11000.0,2.2,2.2,2.2,2.2
10/06/15,8800.0,2.2,2.2,2.2,2.2
15/06/15,68700.0,2.29,2.29,2.29,2.29
17/06/15,15400.0,2.2,2.2,2.2,2.2
23/06/15,8800.0,2.2,2.2,2.2,2.2
30/06/15,15400.0,2.2,2.2,2.2,2.2
01/07/15,13200.000000000002,2.2,2.2,2.2,2.2
02/07/15,4400.0,2.2,2.2,2.2,2.2
09/07/15,150410.0,2.23,2.59,2.59,2.23
13/07/15,119400.0,2.5,2.2,2.5,2.2
13/07/15,119400.0,2.5,2.2,2.5,2.2
15/07/15,102350.0,2.21,2.35,2.48,2.21
21/07/15,286340.0,2.4,2.44,2.44,2.23
22/07/15,7200.0,2.4,2.4,2.4,2.4
23/07/15,24000.0,2.4,2.4,2.4,2.4
23/07/15,24000.0,2.4,2.4,2.4,2.4
23/07/15,24000.0,2.4,2.4,2.4,2.4
27/07/15,48530.0,2.26,2.34,2.34,2.25
28/07/15,18050.0,2.26,2.25,2.26,2.25
29/07/15,11340.0,2.27,2.26,2.27,2.26
30/07/15,239550.0,2.3,2.35,2.35,2.3
31/07/15,26870.0,2.35,2.21,2.35,2.21
04/08/15,6900.0,2.34,2.22,2.34,2.22
05/08/15,2220.0,2.22,2.22,2.22,2.22
06/08/15,29100.0,2.22,2.25,2.25,2.22
12/08/15,15870.0,2.23,2.33,2.33,2.23
13/08/15,23400.0,2.34,2.34,2.34,2.34
17/08/15,101890.0,2.23,2.2,2.31,2.2
18/08/15,81460.0,2.2,2.26,2.26,2.2
19/08/15,9000.0,2.25,2.25,2.25,2.25
20/08/15,22500.0,2.25,2.25,2.25,2.25
24/08/15,67160.0,2.1,2.05,2.11,2.05
28/08/15,40780.0,2.0,2.18,2.18,1.99
03/09/15,10250.0,2.01,2.21,2.21,2.01
08/09/15,2210.0,2.21,2.21,2.21,2.21
10/09/15,6630.0,2.21,2.21,2.21,2.21
17/09/15,52500.0,2.1,2.1,2.1,2.1
18/09/15,32250.0,2.15,2.15,2.15,2.15
21/09/15,48950.0,2.11,2.03,2.11,1.98
22/09/15,56290.0,2.18,2.18,2.19,2.1
23/09/15,8690.0,2.19,2.15,2.19,2.15
24/09/15,6810.0,2.33,2.15,2.33,2.15
28/09/15,43310.0,2.31,2.05,2.31,2.05
29/09/15,441210.0,2.15,2.07,2.2,2.07
01/10/15,17440.0,2.27,2.15,2.27,2.15
02/10/15,2150.0,2.15,2.15,2.15,2.15
06/10/15,12970.0,2.18,2.13,2.2,2.13
08/10/15,6600.000000000001,2.2,2.2,2.2,2.2
09/10/15,61350.0,2.11,2.15,2.15,2.11
12/10/15,28280.0,2.16,2.25,2.25,2.15
14/10/15,39200.0,2.25,2.33,2.33,2.25
15/10/15,43060.0,2.5,2.25,2.5,2.24
20/10/15,13500.0,2.25,2.25,2.25,2.25
21/10/15,15670.0,2.3,2.25,2.3,2.2
23/10/15,24160.0,2.2,2.16,2.2,2.16
27/10/15,18000.0,2.25,2.25,2.25,2.25
28/10/15,49880.0,2.25,2.28,2.3,2.25
30/10/15,32950.0,2.2,2.19,2.2,2.19
02/11/15,239380.0,2.19,2.18,2.19,2.08
03/11/15,141010.0,2.18,2.06,2.25,2.06
04/11/15,37080.0,2.17,2.2,2.2,2.17
10/11/15,162990.0,2.18,2.07,2.2,2.07
20/11/15,163850.0,2.1,2.0,2.1,2.0
24/11/15,124599.99999999999,2.05,2.1,2.1,2.0
26/11/15,2120.0,2.12,2.12,2.12,2.12
01/12/15,433000.0,2.0,2.0,2.05,2.0
02/12/15,209120.0,2.12,2.0,2.12,1.98
03/12/15,8000.0,2.0,2.0,2.0,2.0
04/12/15,12500.0,2.05,2.1,2.1,2.05
09/12/15,189070.0,2.02,2.1,2.1,2.0
10/12/15,112300.0,2.0,2.05,2.05,2.0
11/12/15,104010.0,1.96,2.05,2.05,1.96
16/12/15,108900.0,1.98,1.9,1.98,1.9
17/12/15,42900.0,1.95,1.95,1.95,1.95
18/12/15,2266330.0,2.1,2.37,2.5,2.1
21/12/15,115840.0,2.4,2.13,2.4,2.13
22/12/15,310220.0,2.16,2.01,2.16,2.01
23/12/15,52070.0,2.01,2.0,2.01,2.0
28/12/15,18610.0,2.0,2.11,2.11,2.0
29/12/15,44060.0,2.0,2.03,2.03,2.0
06/01/16,20700.0,2.07,2.07,2.07,2.07
07/01/16,4000.0,2.0,2.0,2.0,2.0
08/01/16,96000.0,2.0,2.0,2.0,2.0
12/01/16,3840.0,1.92,1.92,1.92,1.92
14/01/16,24960.0,1.92,1.92,1.92,1.92
15/01/16,9460.0,1.9,1.88,1.9,1.88
27/01/16,10200.0,2.04,2.04,2.04,2.04
28/01/16,23900.0,2.05,1.95,2.05,1.95
02/02/16,12150.0,2.0,2.05,2.05,2.0
03/02/16,22590.0,2.0,2.07,2.07,2.0
09/02/16,8280.0,2.07,2.07,2.07,2.07
10/02/16,8400.0,2.1,2.1,2.1,2.1
11/02/16,12610.0,2.09,2.12,2.12,2.09
12/02/16,15170.0,2.15,2.18,2.18,2.15
15/02/16,181800.0,2.1,2.15,2.15,2.1
16/02/16,61100.0,2.15,2.2,2.2,2.15
17/02/16,28600.0,2.2,2.2,2.2,2.2
18/02/16,13100.0,2.2,2.1,2.2,2.1
22/02/16,10500.0,2.1,2.1,2.1,2.1
23/02/16,6180.0,2.06,2.06,2.06,2.06
24/02/16,10760.0,2.12,2.2,2.2,2.12
01/03/16,2200.0,2.2,2.2,2.2,2.2
02/03/16,81760.0,2.0,2.1,2.1,2.0
03/03/16,80410.0,2.1,2.1,2.1,2.02
04/03/16,31600.0,2.15,2.1,2.15,2.1
07/03/16,14700.0,2.1,2.1,2.1,2.1
08/03/16,8420.0,2.06,2.15,2.15,2.06
09/03/16,10750.0,2.15,2.15,2.15,2.15
10/03/16,21290.0,2.1,2.19,2.19,2.1
11/03/16,13200.0,2.2,2.2,2.2,2.2
14/03/16,17570.0,2.2,2.19,2.2,2.19
15/03/16,31890.0,2.12,2.15,2.15,2.11
16/03/16,32250.0,2.15,2.15,2.15,2.15
17/03/16,133930.0,2.15,2.13,2.15,2.0
18/03/16,14960.0,2.13,2.15,2.15,2.13
22/03/16,10620.0,2.1,2.14,2.14,2.1
23/03/16,10500.0,2.1,2.1,2.1,2.1
28/03/16,32700.0,2.06,2.1,2.1,2.01
29/03/16,57530.0,2.1,2.1,2.2,2.1
30/03/16,6198120.0,2.1,2.46,3.14,2.1
31/03/16,4357680.0,2.46,2.4,2.87,2.4
01/04/16,880970.0,2.32,2.3,2.35,2.08
04/04/16,122340.0,2.3,2.3,2.3,2.12
05/04/16,181970.0,2.2,2.2,2.39,2.2
06/04/16,160930.0,2.2,2.22,2.3,2.2
07/04/16,516860.0,2.27,2.3,2.45,2.25
08/04/16,7050.0,2.35,2.35,2.35,2.35
11/04/16,191320.0,2.24,2.23,2.3,2.23
12/04/16,228000.0,2.25,2.25,2.3,2.25
13/04/16,94220.0,2.23,2.25,2.3,2.23
14/04/16,31920.0,2.23,2.3,2.3,2.23
15/04/16,68730.0,2.22,2.29,2.3,2.22
19/04/16,19980.0,2.22,2.22,2.22,2.22
21/04/16,72980.0,2.22,2.2,2.22,2.2
25/04/16,31800.0,2.2,2.3,2.3,2.2
26/04/16,120230.0,2.2,2.21,2.36,2.2
27/04/16,255460.0,2.25,2.17,2.25,2.17
28/04/16,148890.0,2.17,2.22,2.3,2.15
29/04/16,2180.0,2.18,2.18,2.18,2.18
02/05/16,66090.0,2.16,2.15,2.16,2.11
04/05/16,23650.0,2.15,2.15,2.15,2.15
05/05/16,42400.0,2.13,2.11,2.13,2.11
06/05/16,209060.0,2.1,2.09,2.1,2.08
06/05/16,209060.0,2.1,2.09,2.1,2.08
10/05/16,200900.0,2.09,2.2,2.2,2.09
11/05/16,231820.0,2.07,2.11,2.15,2.07
12/05/16,249730.0,2.11,2.09,2.11,2.09
13/05/16,626040.0,2.08,2.09,2.22,2.07
16/05/16,301370.0,2.14,2.22,2.22,2.08
17/05/16,231930.0,2.22,2.25,2.25,2.15
18/05/16,1321670.0,2.24,2.3,2.6,2.24
19/05/16,1886250.0,2.25,2.5,2.8,2.25
20/05/16,794550.0,2.56,2.5,2.75,2.26
23/05/16,908160.0,2.35,2.7,2.79,2.35
24/05/16,266800.0,2.7,2.51,2.7,2.5
25/05/16,64760.0,2.7,2.68,2.7,2.68
26/05/16,153680.0,2.6,2.56,2.6,2.56
30/05/16,126380.0,2.45,2.43,2.45,2.43
31/05/16,29280.0,2.43,2.45,2.45,2.43
01/06/16,46640.0,2.44,2.32,2.44,2.32
02/06/16,32200.0,2.3,2.3,2.3,2.3
03/06/16,52000.0,2.3,2.24,2.3,2.24
06/06/16,56950.0,2.23,2.35,2.35,2.23
07/06/16,18900.0,2.28,2.39,2.39,2.28
08/06/16,67660.0,2.4,2.45,2.45,2.39
09/06/16,32110.0,2.45,2.49,2.49,2.45
10/06/16,52080.0,2.48,2.48,2.48,2.48
13/06/16,83160.0,2.36,2.3,2.36,2.3
15/06/16,52130.0,2.3,2.39,2.39,2.3
16/06/16,89030.0,2.39,2.45,2.45,2.38
17/06/16,122200.0,2.35,2.35,2.35,2.35
20/06/16,80500.0,2.3,2.3,2.3,2.3
21/06/16,138340.0,2.24,2.23,2.24,2.22
22/06/16,196670.0,2.23,2.35,2.35,2.23
23/06/16,129910.0,2.35,2.3,2.35,2.23
24/06/16,315560.0,2.23,2.19,2.23,2.19
27/06/16,26610.0,2.18,2.25,2.29,2.15
28/06/16,47090.0,2.29,2.29,2.29,2.19
29/06/16,109100.0,2.19,2.2,2.2,2.17
30/06/16,32800.0,2.2,2.16,2.2,2.16
01/07/16,45220.0,2.16,2.16,2.16,2.15
04/07/16,209760.0,2.2,2.24,2.24,2.2
05/07/16,297640.0,2.25,2.22,2.5,2.21
07/07/16,169280.0,2.46,2.31,2.51,2.3
08/07/16,11880.0,2.32,2.45,2.45,2.32
11/07/16,709720.0,2.39,2.45,2.6,2.32
12/07/16,12492080.0,2.36,2.48,3.22,2.36
13/07/16,2196870.0,2.55,2.45,2.64,2.45
14/07/16,5029810.0,2.47,2.86,2.98,2.43
15/07/16,591230.0,2.86,2.8,2.94,2.7
18/07/16,1761360.0,2.8,2.9,3.02,2.6
19/07/16,326050.0,2.8,2.8,2.8,2.75
20/07/16,781970.0,2.79,2.81,3.0,2.79
21/07/16,680490.0,2.8,2.75,2.95,2.68
22/07/16,675940.0,2.87,2.72,2.87,2.7
25/07/16,188160.0,2.7,2.72,2.75,2.7
26/07/16,503620.0,2.7,2.71,2.8,2.7
27/07/16,213670.0,2.8,2.69,2.8,2.69
28/07/16,228470.0,2.69,2.68,2.82,2.68
29/07/16,53310.0,2.67,2.66,2.67,2.66
01/08/16,27300.0,2.73,2.73,2.73,2.73
02/08/16,28274510.0,2.79,3.88,4.0,2.73
03/08/16,16099560.0,3.86,3.35,3.94,3.26
04/08/16,5673960.0,3.43,3.26,3.66,3.1
05/08/16,2538580.0,3.1,3.28,3.32,3.05
08/08/16,800900.0,3.21,3.06,3.35,3.06
09/08/16,1565260.0,3.05,3.13,3.33,3.05
10/08/16,663590.0,3.13,3.19,3.2,3.05
11/08/16,663140.0,3.08,3.04,3.2,3.04
12/08/16,867200.0,3.14,3.07,3.19,3.02
15/08/16,1778660.0,3.06,3.2,3.4,3.03
16/08/16,14901190.0,3.29,3.57,3.98,3.25
17/08/16,2095300.0,3.55,3.61,3.79,3.41
18/08/16,1229080.0,3.61,3.56,3.65,3.43
19/08/16,339300.0,3.63,3.5,3.63,3.45
22/08/16,1129340.0,3.6,3.62,3.8,3.5
23/08/16,1589570.0,3.62,3.5,3.71,3.49
24/08/16,7998870.0,3.5,3.8,4.12,3.5
25/08/16,1809960.0,3.8,3.78,3.83,3.6
26/08/16,1969240.0,3.68,3.82,3.9,3.65
30/08/16,1507680.0,3.83,3.7,3.87,3.7
31/08/16,1928170.0,3.87,3.91,3.93,3.77
01/09/16,1283510.0,3.91,3.76,3.91,3.76
02/09/16,1361190.0,3.7,3.8,3.87,3.59
05/09/16,387790.0,3.79,3.77,3.81,3.65
05/09/16,387790.0,3.79,3.77,3.81,3.65
06/09/16,415470.0,3.76,3.74,3.76,3.65
07/09/16,432680.0,3.74,3.7,3.74,3.65
08/09/16,947250.0,3.6,3.63,3.65,3.47
09/09/16,875280.0,3.5,3.65,3.65,3.44
13/09/16,304400.0,3.5,3.48,3.55,3.45
14/09/16,287420.0,3.58,3.44,3.59,3.44
15/09/16,638180.0,3.54,3.5,3.54,3.39
16/09/16,62440.0,3.53,3.43,3.53,3.43
19/09/16,70910.0,3.54,3.59,3.59,3.45
20/09/16,55530.0,3.6,3.45,3.6,3.45
21/09/16,124930.0,3.65,3.6,3.65,3.45
22/09/16,10920790.0,3.6,3.93,4.25,3.6
23/09/16,1957470.0,4.0,3.82,4.08,3.75
26/09/16,554240.0,3.8,3.94,4.0,3.75
27/09/16,592820.0,3.97,3.88,3.99,3.7
28/09/16,722140.0,3.72,3.63,3.9,3.62
29/09/16,223690.0,3.61,3.79,3.8,3.61
30/09/16,201270.0,3.78,3.65,3.78,3.6
03/10/16,560090.0,3.7,3.58,3.7,3.58
04/10/16,583600.0,3.55,3.56,3.81,3.51
05/10/16,498480.0,3.54,3.5,3.54,3.5
06/10/16,125900.0,3.5,3.65,3.65,3.49
07/10/16,36390.0,3.63,3.66,3.66,3.63
10/10/16,143400.0,3.66,3.6,3.8,3.6
11/10/16,10800.0,3.6,3.6,3.6,3.6
12/10/16,136560.0,3.6,3.59,3.6,3.48
12/10/16,136560.0,3.6,3.59,3.6,3.48
13/10/16,231760.0,3.47,3.47,3.47,3.2
14/10/16,402370.0,3.55,3.67,3.69,3.49
17/10/16,560040.0,3.36,3.3,3.36,3.3
18/10/16,78090.0,3.3,3.44,3.5,3.3
19/10/16,118060.0,3.44,3.41,3.44,3.31
20/10/16,169920.0,3.33,3.32,3.41,3.32
21/10/16,277190.0,3.32,3.44,3.45,3.32
24/10/16,63480.0,3.32,3.48,3.48,3.32
25/10/16,74770.0,3.37,3.49,3.49,3.35
26/10/16,14100.0,3.5,3.6,3.6,3.5
27/10/16,27590.0,3.43,3.59,3.59,3.42
28/10/16,23770.0,3.38,3.5,3.5,3.37
02/11/16,115030.0,3.67,3.38,3.67,3.37
03/11/16,6980.0,3.38,3.6,3.6,3.38
04/11/16,10360.0,3.4,3.55,3.55,3.4
07/11/16,117760.0,3.38,3.35,3.38,3.35
08/11/16,210720.0,3.35,3.33,3.35,3.33
09/11/16,59630.0,3.32,3.31,3.32,3.31
10/11/16,68170.0,3.59,3.34,3.65,3.34
11/11/16,49500.0,3.3,3.3,3.3,3.3
14/11/16,3300.0,3.3,3.3,3.3,3.3
15/11/16,16520.0,3.3,3.31,3.31,3.3
16/11/16,3330.0,3.33,3.33,3.33,3.33
18/11/16,3290.0,3.29,3.29,3.29,3.29
21/11/16,9990.0,3.33,3.33,3.33,3.33
24/11/16,17420.0,3.31,3.6,3.6,3.31
24/11/16,17420.0,3.31,3.6,3.6,3.31
24/11/16,17420.0,3.31,3.6,3.6,3.31
25/11/16,17650.0,3.53,3.53,3.53,3.53
29/11/16,3310.0,3.31,3.31,3.31,3.31
01/12/16,33000.0,3.3,3.3,3.3,3.3
02/12/16,75990.0,3.3,3.54,3.54,3.27
05/12/16,32600.0,3.26,3.26,3.26,3.26
06/12/16,10690.0,3.56,3.57,3.57,3.56
12/12/16,32650.0,3.27,3.26,3.27,3.26
19/12/16,16250.0,3.25,3.25,3.25,3.25
20/12/16,57750.0,3.25,3.18,3.25,3.18
28/12/16,7040.0,3.52,3.52,3.52,3.52
03/01/17,51260.0,3.2,3.21,3.21,3.2
04/01/17,16250.0,3.25,3.25,3.25,3.25
05/01/17,35750.0,3.25,3.25,3.25,3.25
06/01/17,32500.0,3.25,3.25,3.25,3.25
10/01/17,148550.0,3.2,3.57,3.6,3.2
13/01/17,88880.0,3.3,3.27,3.33,3.27
16/01/17,479280.0,3.26,3.3,3.3,3.25
17/01/17,295960.0,3.25,3.3,3.54,3.25
19/01/17,185250.0,3.25,3.25,3.25,3.25
20/01/17,164730.0,3.23,3.23,3.23,3.23
23/01/17,25670.0,3.21,3.21,3.21,3.2
24/01/17,253990.0,3.22,3.1,3.22,3.1
25/01/17,62650.0,3.11,3.2,3.2,3.11
26/01/17,382860.0,3.15,3.2,3.2,3.15
27/01/17,994730.0,3.25,3.1,3.4,3.1
30/01/17,109010.0,3.15,3.11,3.15,3.1
31/01/17,593310.0,3.12,3.15,3.17,3.0
01/02/17,6495960.0,3.15,3.15,3.55,3.1
02/02/17,2340350.0,3.2,3.03,3.3,3.0
03/02/17,786850.0,3.06,2.98,3.14,2.97
06/02/17,202210.0,2.97,2.96,3.03,2.96
07/02/17,156520.0,2.97,2.94,2.97,2.94
08/02/17,132500.0,3.03,2.95,3.08,2.95
09/02/17,70770.0,3.04,2.95,3.04,2.9
10/02/17,14750.0,2.95,2.95,2.95,2.95
10/02/17,14750.0,2.95,2.95,2.95,2.95
13/02/17,14400.0,2.88,2.88,2.88,2.88
13/02/17,14400.0,2.88,2.88,2.88,2.88
14/02/17,1192310.0,2.95,3.15,3.32,2.93
15/02/17,485240.0,3.06,3.01,3.15,3.0
16/02/17,18356760.0,3.0,3.5,4.01,3.0
17/02/17,2979620.0,3.48,3.26,3.8,3.26
20/02/17,231310.0,3.4,3.29,3.4,3.2
21/02/17,705800.0,3.22,3.2,3.34,3.15
22/02/17,139620.0,3.19,3.16,3.19,3.16
23/02/17,440720.0,3.16,3.32,3.39,3.15
24/02/17,48000.0,3.2,3.2,3.2,3.2
27/02/17,101560.0,3.18,3.22,3.22,3.16
28/02/17,79120.0,3.16,3.2,3.2,3.16
01/03/17,1422760.0,3.22,3.19,3.22,3.05
02/03/17,199320.0,3.06,3.1,3.1,3.04
03/03/17,15800.0,3.16,3.16,3.16,3.16
06/03/17,436520.0,3.07,3.39,3.46,3.07
07/03/17,6833000.0,3.14,3.09,3.4,3.0
08/03/17,711160.0,3.1,3.01,3.12,3.01
09/03/17,1867930.0,3.01,3.01,3.1,2.97
10/03/17,2744500.0,3.0,3.2,3.37,3.0
13/03/17,12167760.0,3.48,3.6,3.74,3.35
14/03/17,4231540.0,3.55,3.6,3.75,3.38
15/03/17,2364890.0,3.59,3.54,3.74,3.45
16/03/17,670030.0,3.55,3.49,3.55,3.45
17/03/17,1479570.0,3.44,3.43,3.5,3.3
20/03/17,184430.0,3.25,3.45,3.49,3.24
21/03/17,224080.0,3.4,3.44,3.44,3.3
22/03/17,749410.0,3.43,3.47,3.57,3.43
23/03/17,8512960.0,3.54,3.64,3.95,3.41
24/03/17,1197100.0,3.6,3.6,3.79,3.51
27/03/17,404380.0,3.6,3.6,3.6,3.52
28/03/17,459400.0,3.61,3.72,3.79,3.61
29/03/17,994860.0,3.66,3.66,3.68,3.55
30/03/17,641600.0,3.67,3.58,3.68,3.58
31/03/17,417070.0,3.6,3.67,3.7,3.6
03/04/17,191790.0,3.69,3.66,3.74,3.57
04/04/17,782050.0,3.55,3.52,3.6,3.52
05/04/17,564340.0,3.52,3.59,3.67,3.47
06/04/17,69920.0,3.49,3.5,3.63,3.48
07/04/17,39400.0,3.6,3.58,3.6,3.58
10/04/17,389870.0,3.57,3.6,3.6,3.49
11/04/17,2185980.0,3.51,3.72,3.92,3.51
12/04/17,940210.0,3.79,3.8,3.8,3.53
17/04/17,296600.0,3.8,3.85,3.85,3.7
18/04/17,553820.0,3.79,3.83,3.86,3.66
19/04/17,237160.0,3.71,3.72,3.72,3.7
20/04/17,1469250.0,3.77,3.72,3.83,3.6
21/04/17,166700.0,3.69,3.67,3.69,3.57
24/04/17,267600.0,3.57,3.75,3.75,3.57
25/04/17,486910.0,3.65,3.74,3.74,3.6
26/04/17,442880.0,3.66,3.7,3.76,3.55
27/04/17,125520.0,3.74,3.58,3.75,3.58
02/05/17,352400.0,3.7,3.76,3.79,3.59
03/05/17,193650.0,3.7,3.76,3.8,3.6
04/05/17,2206130.0,3.79,3.73,3.8,3.5
05/05/17,352370.0,3.71,3.66,3.71,3.59
08/05/17,463800.0,3.6,3.64,3.7,3.56
09/05/17,2923990.0,3.64,3.59,3.75,3.5
10/05/17,660720.0,3.62,3.58,3.65,3.51
11/05/17,843490.0,3.59,3.52,3.69,3.5
12/05/17,196980.0,3.53,3.65,3.65,3.53
15/05/17,322840.0,3.69,3.69,3.69,3.55
16/05/17,14720.0,3.69,3.65,3.69,3.65
17/05/17,231320.0,3.67,3.67,3.67,3.59
18/05/17,283270.0,3.52,3.68,3.69,3.52
19/05/17,3690.0,3.69,3.69,3.69,3.69
22/05/17,491840.0,3.68,3.72,3.72,3.51
23/05/17,235570.0,3.71,3.69,3.71,3.55
24/05/17,117860.0,3.57,3.67,3.67,3.56
25/05/17,3680.0,3.68,3.68,3.68,3.68
26/05/17,66240.0,3.68,3.69,3.69,3.65
29/05/17,131860.0,3.54,3.67,3.68,3.54
30/05/17,474890.0,3.67,3.6,3.67,3.54
31/05/17,621420.0,3.59,3.68,3.68,3.54
01/06/17,4405290.0,3.68,3.7,3.87,3.5
02/06/17,331290.0,3.69,3.74,3.76,3.68
02/06/17,331290.0,3.69,3.74,3.76,3.68
05/06/17,5587120.0,3.74,3.6,3.94,3.5
06/06/17,1775900.0,3.6,3.64,3.71,3.53
07/06/17,57320.0,3.64,3.63,3.67,3.55
08/06/17,306410.0,3.66,3.67,3.67,3.55
09/06/17,229110.0,3.57,3.6,3.66,3.56
13/06/17,1868200.0,3.63,3.5,3.64,3.5
14/06/17,768660.0,3.5,3.5,3.61,3.45
15/06/17,183980.0,3.48,3.57,3.58,3.48
16/06/17,346790.0,3.55,3.54,3.55,3.46
19/06/17,289610.0,3.53,3.59,3.59,3.46
20/06/17,523690.0,3.47,3.45,3.53,3.45
21/06/17,102390.0,3.5,3.55,3.55,3.47
22/06/17,45730.0,3.55,3.5,3.55,3.5
23/06/17,52560.0,3.5,3.56,3.56,3.5
27/06/17,153210.0,3.5,3.53,3.54,3.45
28/06/17,336740.0,3.44,3.49,3.52,3.42
29/06/17,140740.0,3.49,3.54,3.54,3.49
30/06/17,154080.0,3.54,3.5,3.54,3.5
03/07/17,333080.0,3.5,3.46,3.55,3.46
04/07/17,3520.0,3.52,3.52,3.52,3.52
05/07/17,217220.0,3.5,3.51,3.52,3.45
06/07/17,383950.0,3.51,3.54,3.55,3.49
07/07/17,66750.0,3.54,3.53,3.54,3.5
10/07/17,747210.0,3.53,3.44,3.53,3.43
11/07/17,645060.0,3.49,3.5,3.5,3.41
12/07/17,651610.0,3.49,3.4,3.49,3.4
13/07/17,753570.0,3.39,3.4,3.42,3.35
14/07/17,6880.0,3.44,3.44,3.44,3.44
17/07/17,1091520.0,3.34,3.39,3.39,3.3
18/07/17,56180.0,3.29,3.36,3.36,3.28
19/07/17,10050.0,3.35,3.35,3.35,3.35
20/07/17,107760.0,3.36,3.25,3.36,3.25
21/07/17,51960.0,3.24,3.3,3.3,3.24
24/07/17,6700.0,3.35,3.35,3.35,3.35
25/07/17,36300.0,3.3,3.3,3.3,3.3
26/07/17,545500.0,3.23,3.3,3.3,3.15
28/07/17,82010.0,3.13,3.29,3.29,3.13
01/08/17,317510.0,3.28,3.17,3.28,3.15
02/08/17,367590.0,3.15,3.15,3.15,3.14
03/08/17,769900.0,3.13,3.13,3.26,3.09
04/08/17,4230570.0,3.07,3.0,3.07,2.99
07/08/17,310660.0,3.0,3.08,3.08,2.98
08/08/17,188860.0,2.98,2.98,3.05,2.98
09/08/17,244090.0,2.98,2.98,2.98,2.96
10/08/17,207470.0,2.96,2.98,2.98,2.95
11/08/17,329800.0,2.94,2.9,2.94,2.9
14/08/17,43500.0,2.9,2.9,2.9,2.9
15/08/17,314190.0,2.95,3.0,3.0,2.9
16/08/17,434210.0,3.0,3.1,3.1,2.98
17/08/17,149500.0,3.1,3.01,3.12,3.01
18/08/17,30100.0,3.01,3.01,3.01,3.01
22/08/17,2910.0,2.91,2.91,2.91,2.91
23/08/17,36110.0,2.91,3.04,3.05,2.91
24/08/17,84590.0,3.05,3.09,3.09,3.0
25/08/17,9210.0,3.08,3.08,3.08,3.05
30/08/17,240180.0,2.95,3.07,3.07,2.95
31/08/17,74750.0,2.95,3.0,3.0,2.95
04/09/17,73460.0,3.05,3.08,3.08,3.0
05/09/17,132640.0,3.05,3.0,3.07,3.0
06/09/17,102240.0,3.05,3.0,3.08,3.0
07/09/17,396810.0,3.03,2.93,3.03,2.93
13/09/17,60000.0,3.0,3.0,3.0,3.0
14/09/17,323930.0,3.0,3.07,3.07,2.9
18/09/17,67540.0,3.06,3.09,3.09,3.06
19/09/17,161700.0,3.09,3.14,3.14,3.05
20/09/17,573400.0,3.05,3.2,3.23,2.93
21/09/17,80900.0,3.15,3.05,3.22,3.05
22/09/17,78690.0,3.1,3.2,3.2,3.08
25/09/17,660570.0,3.1,3.18,3.21,3.04
26/09/17,1348520.0,3.14,3.18,3.24,3.0
27/09/17,25070.0,3.1,3.17,3.18,3.08
28/09/17,369250.0,3.17,3.2,3.2,3.15
29/09/17,323800.0,3.17,3.02,3.2,3.01
02/10/17,115350.0,3.11,3.16,3.17,3.0
03/10/17,46020.0,3.11,3.14,3.15,3.0
04/10/17,77620.0,3.1,3.14,3.14,3.05
05/10/17,31380.0,3.12,3.14,3.14,3.12
06/10/17,259000.0,3.14,3.22,3.23,3.12
09/10/17,6370.0,3.15,3.22,3.22,3.15
10/10/17,15840.0,3.2,3.18,3.2,3.14
11/10/17,265780.0,3.19,3.23,3.23,3.19
12/10/17,13614260.0,3.22,3.25,3.59,3.21
13/10/17,1395160.0,3.35,3.3,3.4,3.13
17/10/17,1522260.0,3.28,3.32,3.35,3.1
18/10/17,352780.0,3.35,3.25,3.35,3.14
19/10/17,1171840.0,3.29,3.21,3.29,3.1
20/10/17,787110.0,3.21,3.25,3.28,3.06
23/10/17,170100.0,3.24,3.07,3.24,3.07
24/10/17,129220.0,3.12,3.18,3.18,3.06
25/10/17,189300.0,3.06,3.05,3.07,3.05
26/10/17,527550.0,3.05,3.2,3.25,3.05
27/10/17,41750.0,3.2,3.25,3.25,3.2
30/10/17,239450.0,3.24,3.29,3.3,3.24
02/11/17,33120.0,3.3,3.34,3.34,3.3
03/11/17,176790.0,3.15,3.23,3.29,3.1
06/11/17,171710.0,3.11,3.15,3.17,3.09
07/11/17,128700.0,3.06,3.14,3.14,3.06
08/11/17,125730.0,3.12,3.17,3.17,3.12
09/11/17,220190.0,3.17,3.26,3.29,3.07
10/11/17,698910.0,3.23,3.26,3.3,3.08
13/11/17,119530.0,3.12,3.23,3.23,3.11
14/11/17,3200.0,3.2,3.2,3.2,3.2
15/11/17,133090.0,3.23,3.27,3.28,3.2
16/11/17,780120.0,3.18,3.2,3.3,3.1
17/11/17,447810.0,3.1,3.28,3.28,3.1
20/11/17,22470.0,3.21,3.21,3.21,3.21
21/11/17,408820.0,3.26,3.18,3.26,3.07
22/11/17,516470.0,3.08,3.16,3.16,3.07
23/11/17,31200.0,3.19,3.09,3.19,3.09
24/11/17,197860.0,3.08,3.22,3.22,3.07
27/11/17,298950.0,3.09,3.18,3.18,3.03
28/11/17,6220.0,3.04,3.18,3.18,3.04
01/12/17,138560.0,3.17,3.17,3.2,3.07
04/12/17,86110.0,3.06,3.14,3.14,3.05
05/12/17,70290.0,3.05,3.06,3.06,3.05
06/12/17,79300.0,3.05,3.05,3.05,3.05
07/12/17,115550.0,3.04,3.07,3.07,3.04
08/12/17,328500.0,3.03,3.07,3.07,3.03
11/12/17,147470.0,3.07,3.18,3.18,3.07
13/12/17,65220.0,3.16,3.05,3.17,3.03
14/12/17,455960.0,3.05,3.23,3.24,3.05
15/12/17,547630.0,3.06,3.22,3.23,3.06
18/12/17,53120.0,3.1,3.21,3.22,3.06
19/12/17,7620730.0,3.23,3.38,3.62,3.08
20/12/17,984360.0,3.34,3.3,3.5,3.08
21/12/17,835380.0,3.14,3.06,3.15,3.05
22/12/17,46240.0,3.07,3.14,3.14,3.07
27/12/17,371380.0,3.07,3.14,3.14,3.06
28/12/17,241650.0,3.07,3.17,3.17,3.06
29/12/17,132200.0,3.17,3.07,3.17,3.07
03/01/18,113830.0,3.07,3.15,3.15,3.07
04/01/18,21710.0,3.07,3.14,3.14,3.07
05/01/18,115930.0,3.07,3.17,3.18,3.07
09/01/18,85610.0,3.17,3.18,3.18,3.17
10/01/18,184540.0,3.18,3.07,3.18,3.07
11/01/18,218110.0,3.07,3.12,3.12,3.07
12/01/18,80000.0,3.07,3.16,3.16,3.07
15/01/18,55590.0,3.07,3.15,3.16,3.07
16/01/18,600340.0,3.15,3.34,3.38,3.15
17/01/18,45680.0,3.32,3.18,3.32,3.1
18/01/18,266230.0,3.24,3.42,3.42,3.24
19/01/18,10080.0,3.4,3.39,3.4,3.29
22/01/18,56270.0,3.41,3.39,3.41,3.2
23/01/18,29290.0,3.21,3.35,3.37,3.19
24/01/18,22430.0,3.17,3.2,3.32,3.17
25/01/18,614080.0,3.19,3.31,3.43,3.16
26/01/18,160810.0,3.31,3.19,3.31,3.19
29/01/18,55000.0,3.19,3.3,3.3,3.19
30/01/18,36660.0,3.35,3.34,3.37,3.2
31/01/18,135470.0,3.19,3.29,3.33,3.12
01/02/18,30150.0,3.36,3.36,3.36,3.33
02/02/18,41640.0,3.37,3.36,3.37,3.13
05/02/18,3360.0,3.36,3.36,3.36,3.36
06/02/18,200070.0,3.35,3.43,3.43,3.35
07/02/18,20420.0,3.4,3.42,3.42,3.4
08/02/18,77340.0,3.4,3.3,3.4,3.17
09/02/18,177390.0,3.37,3.39,3.42,3.2
12/02/18,157770.0,3.22,3.31,3.31,3.18
13/02/18,4716420.0,3.3,3.52,3.59,3.3
14/02/18,1483120.0,3.52,3.59,3.63,3.25
15/02/18,62300.0,3.4,3.55,3.58,3.33
19/02/18,619710.0,3.34,3.41,3.46,3.23
20/02/18,466930.0,3.29,3.29,3.38,3.27
21/02/18,91730.0,3.27,3.3,3.3,3.27
22/02/18,430660.0,3.25,3.29,3.29,3.19
23/02/18,79620.0,3.18,3.3,3.3,3.18
26/02/18,56510.0,3.31,3.33,3.34,3.3
27/02/18,693280.0,3.2,3.2,3.3,3.15
01/03/18,666840.0,3.15,3.15,3.2,3.13
02/03/18,237240.0,3.12,3.12,3.13,3.12
05/03/18,459290.0,3.13,3.09,3.13,3.09
06/03/18,9270.0,3.09,3.09,3.09,3.09
07/03/18,24690.0,3.09,3.08,3.09,3.08
08/03/18,13702020.0,3.4,3.4,3.82,3.17
09/03/18,1046850.0,3.4,3.22,3.4,3.2
12/03/18,398200.0,3.2,3.21,3.3,3.15
13/03/18,128450.0,3.21,3.21,3.28,3.2
14/03/18,466790.0,3.19,3.4,3.47,3.19
15/03/18,32150.0,3.22,3.21,3.22,3.21
16/03/18,395520.0,3.39,3.24,3.46,3.23
19/03/18,673560.0,3.22,3.19,3.3,3.19
20/03/18,467900.0,3.19,3.34,3.38,3.18
21/03/18,7015500.0,3.33,3.24,3.75,3.24
22/03/18,870310.0,3.25,3.25,3.43,3.25
23/03/18,486320.0,3.23,3.25,3.37,3.23
26/03/18,739930.0,3.22,3.25,3.25,3.16
27/03/18,509530.0,3.29,3.27,3.34,3.14
28/03/18,336490.0,3.24,3.32,3.32,3.16
02/04/18,9570.0,3.19,3.19,3.19,3.19
03/04/18,482450.0,3.19,3.32,3.33,3.18
04/04/18,298460.0,3.31,3.33,3.35,3.23
05/04/18,187150.0,3.23,3.33,3.33,3.21
06/04/18,698220.0,3.3,3.4,3.45,3.25
10/04/18,74910.0,3.32,3.42,3.42,3.32
11/04/18,45760.0,3.33,3.28,3.33,3.26
12/04/18,49040.0,3.26,3.26,3.4,3.26
13/04/18,164540.0,3.26,3.42,3.42,3.24
16/04/18,6660.0,3.31,3.35,3.35,3.31
17/04/18,6710.0,3.33,3.38,3.38,3.33
18/04/18,84940.0,3.38,3.34,3.38,3.25
19/04/18,609260.0,3.25,3.3,3.3,3.16
20/04/18,3320.0,3.32,3.32,3.32,3.32
23/04/18,103790.0,3.3,3.24,3.3,3.24
24/04/18,155140.0,3.23,3.3,3.3,3.2
25/04/18,329320.0,3.2,3.34,3.41,3.2
26/04/18,17000.0,3.38,3.42,3.42,3.38
27/04/18,88650.0,3.41,3.4,3.44,3.39
30/04/18,127880.0,3.4,3.4,3.43,3.26
02/05/18,19820.0,3.25,3.39,3.4,3.25
03/05/18,531680.0,3.38,3.27,3.4,3.26
04/05/18,3380.0,3.38,3.38,3.38,3.38
07/05/18,651250.0,3.43,3.45,3.49,3.33
08/05/18,585450.0,3.45,3.5,3.51,3.33
09/05/18,82290.0,3.5,3.49,3.5,3.36
10/05/18,3490.0,3.49,3.49,3.49,3.49
11/05/18,33960.0,3.48,3.48,3.48,3.34
15/05/18,30990.0,3.42,3.49,3.49,3.33
17/05/18,1505560.0,3.38,3.64,3.65,3.38
18/05/18,677150.0,3.64,3.69,3.72,3.58
21/05/18,496150.0,3.72,3.57,3.73,3.57
22/05/18,281780.0,3.54,3.69,3.7,3.54
23/05/18,1111510.0,3.69,3.69,3.75,3.52
24/05/18,259140.0,3.57,3.55,3.57,3.53
25/05/18,340470.0,3.69,3.6,3.75,3.54
28/05/18,600140.0,3.6,3.75,3.77,3.58
29/05/18,1459380.0,3.53,3.8,3.8,3.53
30/05/18,37760.0,3.8,3.8,3.8,3.68
31/05/18,7600.0,3.8,3.8,3.8,3.8
01/06/18,37200.0,3.7,3.75,3.75,3.7
04/06/18,63730.0,3.65,3.75,3.79,3.65
05/06/18,591370.0,3.76,3.81,3.82,3.61
06/06/18,514910.0,3.75,3.84,3.84,3.65
07/06/18,11589080.0,3.84,4.12,5.15,3.84
08/06/18,3775370.0,4.14,3.95,4.3,3.9
11/06/18,2362010.0,3.96,4.13,4.18,3.65
13/06/18,1288750.0,4.13,4.39,4.46,4.13
14/06/18,989680.0,4.39,4.42,4.43,4.27
18/06/18,1905340.0,4.43,4.55,4.58,4.4
19/06/18,4412760.0,4.58,4.89,4.9,4.58
20/06/18,1126480.0,4.89,4.73,4.92,4.6
21/06/18,2190930.0,4.63,4.76,4.83,4.46
22/06/18,896560.0,4.76,4.78,4.8,4.65
25/06/18,4741040.0,4.77,5.0,5.08,4.57
26/06/18,7633502.0,5.0,5.29,5.35,4.9
27/06/18,9229496.0,5.36,5.24,5.62,5.18
28/06/18,9493426.0,5.16,4.48,5.2,4.45
29/06/18,8973750.0,4.43,4.49,4.61,4.1
02/07/18,6213670.0,4.58,4.1,4.61,4.1
03/07/18,4187180.0,4.08,4.04,4.1,3.85
04/07/18,3343440.0,4.08,3.85,4.16,3.8
05/07/18,3804290.0,3.85,4.07,4.07,3.67
06/07/18,2224160.0,4.07,4.06,4.18,3.75
09/07/18,190710.0,4.07,4.07,4.17,3.9
10/07/18,3642040.0,4.08,3.76,4.08,3.68
11/07/18,3214260.0,3.75,3.5,3.75,3.45
12/07/18,1080700.0,3.5,3.55,3.63,3.42
13/07/18,1346750.0,3.55,3.49,3.58,3.31
16/07/18,1667010.0,3.35,3.75,3.76,3.35
17/07/18,331580.0,3.75,3.6,3.75,3.54
18/07/18,293150.0,3.52,3.5,3.69,3.5
19/07/18,108330.0,3.5,3.5,3.59,3.43
20/07/18,212380.0,3.46,3.54,3.64,3.46
23/07/18,77010.0,3.45,3.54,3.54,3.45
24/07/18,17700.0,3.54,3.54,3.54,3.54
25/07/18,461720.0,3.42,3.65,3.67,3.42
26/07/18,14440.0,3.64,3.6,3.64,3.6
27/07/18,329200.0,3.61,3.55,3.61,3.45
30/07/18,328250.0,3.58,3.68,3.69,3.58
31/07/18,382570.0,3.69,3.75,3.8,3.55
01/08/18,366620.0,3.76,3.81,3.89,3.7
02/08/18,152370.0,3.81,3.77,3.87,3.61
03/08/18,82620.0,3.76,3.8,3.83,3.5
06/08/18,568390.0,3.78,3.56,3.78,3.54
07/08/18,86240.0,3.55,3.63,3.63,3.55
08/08/18,307170.0,3.63,3.65,3.71,3.55
09/08/18,180360.0,3.56,3.61,3.63,3.56
10/08/18,420840.0,3.56,3.6,3.64,3.5
13/08/18,126640.0,3.51,3.58,3.58,3.5
14/08/18,187690.0,3.52,3.63,3.63,3.47
15/08/18,390180.0,3.64,3.72,3.79,3.63
16/08/18,74520.0,3.72,3.72,3.73,3.72
17/08/18,293630.0,3.72,3.72,3.73,3.56
20/08/18,78830.0,3.59,3.71,3.71,3.55
22/08/18,85620.0,3.55,3.69,3.69,3.55
23/08/18,103390.0,3.55,3.64,3.68,3.53
24/08/18,31750.0,3.51,3.67,3.67,3.51
28/08/18,21320.0,3.53,3.67,3.67,3.53
29/08/18,128640.0,3.55,3.64,3.67,3.55
30/08/18,50250.0,3.64,3.65,3.65,3.51
31/08/18,73920.0,3.51,3.57,3.65,3.5
03/09/18,82510.0,3.52,3.57,3.58,3.4
04/09/18,50280.0,3.63,3.63,3.63,3.5
05/09/18,52220.0,3.5,3.58,3.6,3.43
06/09/18,178700.0,3.44,3.54,3.56,3.4
10/09/18,838590.0,3.34,3.78,3.93,3.31
11/09/18,273910.0,3.45,3.69,3.77,3.41
12/09/18,89300.0,3.43,3.68,3.69,3.43
13/09/18,243450.0,3.67,3.66,3.68,3.45
14/09/18,112090.0,3.46,3.64,3.66,3.46
18/09/18,24280.0,3.4,3.62,3.62,3.4
19/09/18,64770.0,3.4,3.57,3.57,3.4
20/09/18,99880.0,3.36,3.54,3.57,3.35
24/09/18,13480.0,3.35,3.47,3.47,3.33
24/09/18,13480.0,3.35,3.47,3.47,3.33
26/09/18,130410.0,3.33,3.58,3.58,3.32
27/09/18,64690.0,3.33,3.5,3.55,3.33
28/09/18,81960.0,3.35,3.53,3.53,3.33
01/10/18,160420.0,3.35,3.43,3.5,3.3
02/10/18,169890.0,3.35,3.36,3.38,3.19
03/10/18,88470.0,3.33,3.29,3.33,3.13
04/10/18,124650.0,3.11,3.2,3.27,3.11
05/10/18,128560.0,3.1,3.2,3.2,3.09
08/10/18,9550.0,3.18,3.19,3.19,3.18
09/10/18,178040.0,3.08,3.05,3.08,3.0
10/10/18,3180.0,3.18,3.18,3.18,3.18
11/10/18,77070.0,2.95,3.14,3.14,2.9
15/10/18,6230.0,3.1,3.13,3.13,3.1
17/10/18,70260.0,2.93,3.09,3.09,2.9
18/10/18,61490.0,3.1,3.04,3.1,2.9
19/10/18,59410.0,3.03,3.04,3.04,2.91
22/10/18,18210.0,3.04,3.03,3.04,3.03
23/10/18,36500.0,3.03,3.1,3.1,3.03
24/10/18,20680.0,3.05,3.08,3.08,2.91
25/10/18,92240.0,3.06,3.23,3.29,3.06
26/10/18,33630.0,3.23,3.16,3.23,2.93
29/10/18,30230.0,3.27,3.25,3.27,2.96
30/10/18,85330.0,3.0,3.27,3.29,3.0
31/10/18,96110.0,3.1,3.24,3.24,3.07
05/11/18,39740.0,3.05,3.23,3.23,3.04
06/11/18,12360.0,3.05,3.21,3.21,3.05
07/11/18,363290.0,3.04,3.18,3.22,2.85
08/11/18,157800.0,2.9,3.18,3.18,2.9
09/11/18,433540.0,3.03,3.4,3.4,3.0
12/11/18,43270.0,3.3,3.4,3.4,3.3
13/11/18,426770.0,3.36,3.54,3.59,3.3
15/11/18,95650.0,3.26,3.45,3.53,3.25
16/11/18,47160.0,3.44,3.45,3.46,3.27
20/11/18,36390.0,3.3,3.39,3.39,3.3
21/11/18,3440.0,3.44,3.44,3.44,3.44
22/11/18,13200.0,3.26,3.42,3.42,3.26
26/11/18,83600.0,3.28,3.45,3.45,3.28
27/11/18,138230.0,3.45,3.46,3.46,3.42
28/11/18,72660.0,3.46,3.46,3.46,3.46
29/11/18,6780.0,3.34,3.44,3.44,3.34
03/12/18,6790.0,3.34,3.45,3.45,3.34
07/12/18,16840.0,3.36,3.43,3.43,3.33
10/12/18,18890.0,3.1,3.39,3.39,3.1
11/12/18,26010.0,3.43,3.39,3.43,3.14
13/12/18,15920.0,3.14,3.36,3.36,3.14
14/12/18,230170.0,3.42,3.43,3.45,3.35
28/12/18,184960.0,3.12,3.39,3.39,3.12
02/01/19,41290.0,3.13,3.4,3.4,3.08
04/01/19,16950.0,3.39,3.39,3.39,3.39
07/01/19,141920.0,3.37,3.39,3.39,3.37
08/01/19,169530.0,3.4,3.39,3.4,3.38
10/01/19,499610.0,3.16,3.22,3.39,3.1
11/01/19,70570.0,3.33,3.21,3.33,3.12
14/01/19,25010.0,3.12,3.13,3.13,3.12
15/01/19,28150.0,3.14,3.11,3.14,3.11
16/01/19,662500.0,3.1,3.33,3.39,3.07
17/01/19,166050.0,3.16,3.11,3.18,3.11
18/01/19,18720.0,3.12,3.12,3.12,3.12
21/01/19,28170.0,3.13,3.13,3.13,3.13
22/01/19,15650.0,3.13,3.13,3.13,3.13
23/01/19,183200.0,3.15,3.15,3.2,3.15
24/01/19,6540.0,3.27,3.27,3.27,3.27
28/01/19,166740.0,3.12,3.24,3.24,3.12
29/01/19,110630.0,3.16,3.17,3.17,3.15
30/01/19,81090.0,3.17,3.25,3.25,3.17
31/01/19,59640.0,3.18,3.25,3.25,3.11
01/02/19,165900.0,3.2,3.27,3.28,3.11
04/02/19,225670.0,3.2,3.2,3.2,3.15
06/02/19,12870.0,3.2,3.27,3.27,3.2
07/02/19,6220.0,3.11,3.11,3.11,3.11
11/02/19,198330.0,3.13,3.2,3.27,3.11
12/02/19,114310.0,3.2,3.35,3.35,3.2
13/02/19,717070.0,3.33,3.38,3.46,3.16
14/02/19,6550.0,3.19,3.36,3.36,3.19
15/02/19,9450.0,3.15,3.15,3.15,3.15
18/02/19,128240.0,3.16,3.34,3.38,3.16
19/02/19,248110.0,3.2,3.29,3.34,3.11
20/02/19,259300.0,3.13,3.26,3.31,3.1
21/02/19,75680.0,3.15,3.23,3.23,3.15
26/02/19,30790.0,3.08,3.07,3.08,3.07
27/02/19,198850.0,3.08,3.23,3.25,3.03
28/02/19,70440.0,3.22,3.2,3.22,3.2
01/03/19,9270.0,3.04,3.19,3.19,3.04
05/03/19,31900.0,3.19,3.19,3.19,3.19
06/03/19,506100.0,3.02,3.38,3.4,3.02
07/03/19,193080.0,3.34,3.32,3.34,3.08
08/03/19,34650.0,3.15,3.15,3.15,3.15
11/03/19,50290.0,3.15,3.14,3.15,3.14
12/03/19,3290.0,3.29,3.29,3.29,3.29
13/03/19,12720.0,3.15,3.27,3.27,3.15
14/03/19,92610.0,3.09,3.26,3.26,3.08
19/03/19,29430.0,3.26,3.28,3.28,3.26
20/03/19,251820.0,3.09,3.07,3.09,3.06
21/03/19,9240.0,3.08,3.08,3.08,3.08
22/03/19,9450.0,3.15,3.15,3.15,3.15
27/03/19,35420.0,3.22,3.22,3.22,3.22
29/03/19,70270.0,3.07,3.05,3.07,3.05
02/04/19,91500.0,3.05,3.05,3.05,3.05
03/04/19,3160.0,3.16,3.16,3.16,3.16
04/04/19,2019230.0,3.19,3.06,3.45,3.06
05/04/19,203980.0,3.25,3.15,3.25,3.06
08/04/19,302470.0,3.06,3.05,3.06,3.05
10/04/19,124850.0,3.05,3.04,3.05,3.04
11/04/19,232760.0,3.02,3.09,3.09,2.95
12/04/19,2980.0,2.98,2.98,2.98,2.98
16/04/19,244990.0,3.04,2.98,3.04,2.98
17/04/19,14920.0,2.99,2.98,2.99,2.98
23/04/19,41720.0,2.98,2.98,2.98,2.98
24/04/19,53460.0,2.97,2.97,2.97,2.97
25/04/19,89170.0,2.97,3.04,3.04,2.96
03/05/19,34250.0,3.08,3.1,3.33,3.08
06/05/19,37130.0,3.09,3.1,3.1,3.09
14/05/19,87560.0,3.08,2.98,3.08,2.98
15/05/19,147590.0,2.97,2.95,2.97,2.95
20/05/19,75410.0,3.09,3.11,3.18,3.09
23/05/19,351100.0,2.96,2.95,2.96,2.94
24/05/19,50050.0,2.95,2.94,2.95,2.94
29/05/19,37830.0,2.91,2.91,2.91,2.91
30/05/19,21130.0,3.06,2.92,3.07,2.9
11/06/19,316540.0,2.91,2.99,3.16,2.9
13/06/19,11800.0,2.95,2.95,2.95,2.95
20/06/19,84220.0,2.95,2.88,2.95,2.88
21/06/19,203160.0,3.0,3.07,3.11,2.9
25/06/19,1393700.0,3.01,3.2,3.33,3.01
27/06/19,22020.0,3.04,3.2,3.2,3.04
01/07/19,180090.0,3.05,3.05,3.07,3.05
02/07/19,92580.0,3.05,3.18,3.27,3.04
03/07/19,90560.0,3.04,3.17,3.17,3.0
04/07/19,51110.0,3.02,3.0,3.02,3.0
05/07/19,15000.0,3.0,3.0,3.0,3.0
08/07/19,42000.0,3.0,3.0,3.0,3.0
09/07/19,178810.0,2.99,2.97,2.99,2.97
10/07/19,36480.0,2.95,3.1,3.11,2.95
11/07/19,15700.0,3.14,3.14,3.14,3.14
16/07/19,14850.0,2.97,2.97,2.97,2.97
17/07/19,210850.0,2.96,2.97,2.97,2.96
19/07/19,213120.0,2.96,2.96,2.96,2.96
22/07/19,23600.0,2.95,2.95,2.95,2.95
23/07/19,6050.0,3.0,3.05,3.05,3.0
24/07/19,58820.0,2.95,2.94,2.95,2.94
25/07/19,112140.0,2.94,2.98,2.98,2.9
31/07/19,9090.0,3.0,3.09,3.09,3.0
02/08/19,52280.0,3.0,3.13,3.13,3.0
05/08/19,8820.0,2.94,2.94,2.94,2.94
09/08/19,2950.0,2.95,2.95,2.95,2.95
13/08/19,11800.0,2.95,2.95,2.95,2.95
22/08/19,98880.0,3.07,3.11,3.11,3.07
23/08/19,58130.0,2.9,3.07,3.09,2.82
27/08/19,55550.0,3.07,3.09,3.09,3.07
28/08/19,3130.0,3.13,3.13,3.13,3.13
29/08/19,23220.0,2.86,3.09,3.09,2.86
30/08/19,26750.0,2.96,3.07,3.07,2.96
03/09/19,37830.0,2.91,2.91,2.91,2.91
04/09/19,211350.0,2.95,2.91,3.04,2.91
05/09/19,43110.0,2.88,2.86,2.88,2.86
10/09/19,26780.0,2.85,3.0,3.0,2.85
11/09/19,3000.0,3.0,3.0,3.0,3.0
12/09/19,2860.0,2.86,2.86,2.86,2.86
18/09/19,20090.0,2.87,2.87,2.87,2.87
23/09/19,2980.0,2.98,2.98,2.98,2.98
24/09/19,5740.0,2.87,2.87,2.87,2.87
25/09/19,8580.0,2.86,2.86,2.86,2.86
03/10/19,19950.0,2.85,2.85,2.85,2.85
07/10/19,8520.0,2.84,2.84,2.84,2.84
11/10/19,5680.0,2.84,2.84,2.84,2.84
16/10/19,2052690.0,2.78,2.57,2.78,2.5
17/10/19,1408330.0,2.57,2.51,2.63,2.51
18/10/19,723990.0,2.52,2.5,2.52,2.5
21/10/19,30420.0,2.52,2.55,2.55,2.52
22/10/19,20400.0,2.55,2.55,2.55,2.55
23/10/19,146920.0,2.58,2.5,2.65,2.49
24/10/19,37350.0,2.49,2.49,2.49,2.49
25/10/19,297790.0,2.54,2.5,2.65,2.5
28/10/19,489590.0,2.48,2.4,2.48,2.4
29/10/19,23950.0,2.4,2.39,2.4,2.39
30/10/19,71430.0,2.32,2.31,2.32,2.28
31/10/19,42970.0,2.4,2.46,2.46,2.35
04/11/19,335140.0,2.31,2.3,2.46,2.24
05/11/19,33600.0,2.44,2.3,2.44,2.3
13/11/19,2280.0,2.28,2.28,2.28,2.28
14/11/19,13760.0,2.3,2.29,2.3,2.29
15/11/19,4840.0,2.42,2.42,2.42,2.42
19/11/19,16170.0,2.31,2.31,2.31,2.31
20/11/19,48680.0,2.48,2.31,2.48,2.31
21/11/19,589050.0,2.27,2.18,2.27,2.03
25/11/19,2290.0,2.29,2.29,2.29,2.29
26/11/19,34610.0,2.29,2.31,2.31,2.29
28/11/19,22860.0,2.28,2.29,2.29,2.28
29/11/19,68690.0,2.22,2.24,2.25,2.05
03/12/19,11480.0,2.27,2.36,2.36,2.27
06/12/19,4540.0,2.27,2.27,2.27,2.27
16/12/19,4260.0,2.04,2.22,2.22,2.04
17/12/19,311650.0,2.03,1.89,2.03,1.89
23/12/19,4300.0,2.05,2.25,2.25,2.05
27/12/19,68210.0,1.9,2.0,2.19,1.9
08/01/20,148800.0,2.0,1.9,2.0,1.9
09/01/20,57000.0,1.9,1.9,1.9,1.9
14/01/20,1900.0,1.9,1.9,1.9,1.9
20/01/20,286590.0,1.9,1.83,1.9,1.83
21/01/20,49300.0,1.77,1.9,2.0,1.77
22/01/20,18800.0,1.88,1.88,1.88,1.88
23/01/20,285190.0,1.77,1.94,1.94,1.77
31/01/20,167690.0,1.78,1.76,1.94,1.76
03/02/20,300100.0,2.1,2.0,2.1,2.0
04/02/20,13220.0,2.2,2.14,2.22,2.14
10/02/20,1760.0,1.76,1.76,1.76,1.76
11/02/20,17610.0,1.77,1.76,1.77,1.75
13/02/20,5610.0,1.87,1.87,1.87,1.87
19/02/20,7000.0,1.75,1.75,1.75,1.75
21/02/20,4050.0,2.0,2.05,2.05,2.0
09/03/20,8820.0,1.73,1.9,1.9,1.73
13/03/20,18590.0,1.43,1.97,1.97,1.43
06/04/20,16290.0,1.41,1.78,1.78,1.4
07/04/20,8900.0,1.78,1.78,1.78,1.78
24/04/20,5340.0,1.78,1.78,1.78,1.78
05/05/20,22480.0,1.98,1.78,1.98,1.78
28/05/20,25200.0,1.68,1.68,1.68,1.68
29/05/20,3720.0,1.86,1.86,1.86,1.86
10/06/20,51560.0,1.36,1.79,1.79,1.36
11/06/20,5350.0,1.75,1.85,1.85,1.75
15/06/20,26100.0,1.74,1.74,1.74,1.74
18/06/20,19390.0,1.45,1.65,1.65,1.45
26/06/20,1750.0,1.75,1.75,1.75,1.75
30/06/20,56020.0,1.74,1.6,1.74,1.6
02/07/20,425280.0,1.73,2.4,2.4,1.73
03/07/20,49844900.0,2.65,2.3,3.57,2.2
06/07/20,4470390.0,2.3,2.04,2.54,1.93
07/07/20,2257070.0,2.06,1.9,2.07,1.9
08/07/20,1641450.0,1.9,1.75,1.9,1.73
09/07/20,501210.0,1.78,1.8,1.92,1.78
10/07/20,700030.0,1.79,1.74,1.9,1.74
13/07/20,357680.0,1.71,1.66,1.71,1.65
14/07/20,497220.0,1.78,1.62,1.78,1.61
15/07/20,127220.0,1.6,1.57,1.6,1.57
16/07/20,201040.0,1.55,1.56,1.56,1.5
17/07/20,141500.0,1.59,1.62,1.64,1.59
20/07/20,70530.0,1.54,1.54,1.54,1.52
21/07/20,115090.0,1.53,1.54,1.6,1.53
22/07/20,2028190.0,1.54,1.8,1.98,1.52
23/07/20,534010.0,1.8,1.62,1.8,1.58
24/07/20,202850.0,1.62,1.66,1.78,1.62
27/07/20,174390.0,1.56,1.58,1.79,1.56
28/07/20,133240.0,1.58,1.72,1.73,1.57
29/07/20,7940.0,1.6,1.58,1.6,1.58
30/07/20,137820.0,1.65,1.72,1.72,1.61
03/08/20,147800.0,1.6,1.59,1.68,1.58
04/08/20,101860.0,1.59,1.66,1.69,1.59
05/08/20,78420.0,1.66,1.61,1.69,1.61
06/08/20,6440.0,1.61,1.61,1.61,1.61
07/08/20,63120.0,1.61,1.61,1.64,1.6
10/08/20,74040.0,1.62,1.6,1.65,1.59
11/08/20,19460.0,1.6,1.64,1.65,1.6
12/08/20,184000.0,1.6,1.59,1.72,1.59
13/08/20,40670.0,1.72,1.62,1.72,1.62
14/08/20,211850.0,1.62,1.6,1.63,1.56
17/08/20,87690.0,1.6,1.61,1.68,1.6
18/08/20,4920.0,1.68,1.6,1.68,1.6
19/08/20,27270.0,1.6,1.6,1.66,1.6
20/08/20,17930.0,1.61,1.66,1.66,1.61
24/08/20,33600.0,1.6,1.6,1.6,1.6
25/08/20,88200.0,1.6,1.64,1.64,1.6
26/08/20,116860.0,1.61,1.6,1.61,1.6
27/08/20,25650.0,1.61,1.6,1.61,1.6
28/08/20,39640.0,1.59,1.59,1.59,1.58
01/09/20,155360.0,1.58,1.55,1.58,1.51
02/09/20,10970.0,1.57,1.56,1.57,1.56
03/09/20,16970.0,1.51,1.56,1.56,1.51
04/09/20,37320.0,1.63,1.61,1.63,1.58
07/09/20,60820.0,1.54,1.62,1.62,1.54
08/09/20,78220.0,1.62,1.55,1.63,1.53
09/09/20,158960.0,1.55,1.57,1.57,1.5
10/09/20,23640.0,1.57,1.58,1.58,1.57
14/09/20,122030.0,1.58,1.6,1.6,1.57
15/09/20,97540.0,1.61,1.58,1.63,1.58
16/09/20,345890.0,1.58,1.66,1.76,1.58
17/09/20,119830.0,1.66,1.63,1.7,1.63
18/09/20,20790.0,1.59,1.62,1.62,1.59
21/09/20,81520.0,1.58,1.64,1.64,1.55
22/09/20,47020.0,1.64,1.6,1.64,1.55
23/09/20,136730.0,1.6,1.67,1.69,1.6
24/09/20,73100.0,1.7,1.7,1.73,1.68
25/09/20,148630.0,1.68,1.66,1.7,1.56
28/09/20,49500.0,1.66,1.59,1.66,1.58
29/09/20,67940.0,1.58,1.58,1.58,1.58
30/09/20,136330.0,1.57,1.54,1.57,1.54
01/10/20,165260.0,1.55,1.55,1.55,1.52
02/10/20,99450.0,1.55,1.52,1.55,1.52
05/10/20,220090.0,1.51,1.51,1.55,1.51
06/10/20,140180.0,1.51,1.51,1.53,1.5
07/10/20,91220.0,1.51,1.58,1.59,1.51
08/10/20,57520.0,1.56,1.56,1.56,1.51
09/10/20,288230.0,1.56,1.56,1.61,1.56
12/10/20,101360.0,1.56,1.53,1.59,1.53
13/10/20,172010.0,1.53,1.52,1.53,1.52
14/10/20,49590.0,1.53,1.56,1.56,1.53
15/10/20,71500.0,1.52,1.52,1.56,1.52
16/10/20,73340.0,1.53,1.58,1.59,1.52
19/10/20,268230.0,1.6,1.61,1.62,1.51
20/10/20,108550.0,1.55,1.62,1.62,1.55
21/10/20,69630.0,1.58,1.61,1.61,1.56
22/10/20,95490.0,1.57,1.63,1.63,1.57
23/10/20,58230.0,1.59,1.61,1.65,1.58
26/10/20,54210.0,1.61,1.57,1.61,1.57
27/10/20,74760.0,1.61,1.62,1.65,1.58
28/10/20,23640.0,1.61,1.6,1.61,1.56
29/10/20,192080.0,1.6,1.69,1.69,1.6
30/10/20,257130.0,1.69,1.7,1.72,1.69
03/11/20,55760.0,1.65,1.65,1.65,1.63
04/11/20,99660.0,1.65,1.65,1.7,1.65
05/11/20,257740.0,1.65,1.6,1.67,1.6
06/11/20,608270.0,1.6,1.7,1.7,1.58
09/11/20,42270.0,1.6,1.69,1.71,1.6
10/11/20,19740.0,1.6,1.69,1.69,1.6
11/11/20,103020.0,1.63,1.67,1.67,1.61
13/11/20,29860.0,1.62,1.67,1.67,1.62
16/11/20,139120.0,1.67,1.67,1.71,1.63
17/11/20,61240.0,1.62,1.64,1.67,1.62
18/11/20,462690.0,1.63,1.69,1.69,1.61
19/11/20,54260.0,1.7,1.69,1.7,1.69
20/11/20,196200.0,1.69,1.7,1.71,1.66
23/11/20,324040.0,1.7,1.74,1.77,1.68
24/11/20,4901170.0,1.75,1.93,1.98,1.68
25/11/20,2146280.0,2.07,1.84,2.1,1.84
26/11/20,568700.0,1.9,1.95,2.0,1.85
27/11/20,392000.0,1.97,1.9,1.97,1.79
01/12/20,213880.0,1.89,1.82,1.89,1.78
02/12/20,166820.0,1.93,1.82,1.93,1.82
03/12/20,156880.0,1.82,1.89,1.89,1.8
04/12/20,138350.0,1.87,1.87,1.87,1.82
07/12/20,169010.0,1.83,1.87,1.87,1.8
09/12/20,120670.0,1.81,1.89,1.89,1.81
10/12/20,127650.0,1.88,1.89,1.9,1.84
11/12/20,1759040.0,1.85,2.04,2.24,1.85
14/12/20,1152230.0,2.08,2.18,2.18,1.95
15/12/20,410750.0,2.15,2.14,2.24,2.11
16/12/20,1483030.0,2.13,2.28,2.4,2.1
17/12/20,814290.0,2.18,2.2,2.32,2.05
18/12/20,216080.0,2.11,2.25,2.25,2.11
21/12/20,329960.0,2.23,2.32,2.35,2.11
22/12/20,872110.0,2.31,2.05,2.31,2.03
23/12/20,716630.0,2.14,2.15,2.18,2.1
28/12/20,41150.0,2.23,2.19,2.23,2.1
29/12/20,260560.0,2.0,2.11,2.2,2.0
04/01/21,304380.0,2.1,2.04,2.1,1.91
05/01/21,3960.0,1.92,2.04,2.04,1.92
06/01/21,358170.0,1.92,1.98,2.04,1.81
08/01/21,205600.0,1.98,2.14,2.19,1.98
11/01/21,36820.0,2.05,2.1,2.13,1.9
12/01/21,86920.0,1.91,2.11,2.16,1.91
13/01/21,45280.0,2.11,2.1,2.13,1.95
14/01/21,1640140.0,2.09,1.95,2.09,1.9
15/01/21,543360.0,1.96,2.0,2.0,1.94
18/01/21,351570.0,1.99,2.0,2.03,1.94
19/01/21,808890.0,2.05,2.1,2.2,2.01
20/01/21,344840.0,2.1,2.04,2.18,2.0
21/01/21,289740.0,2.04,1.96,2.04,1.96
22/01/21,56870.0,1.97,1.96,1.97,1.96
25/01/21,31000.0,2.0,1.96,2.08,1.96
26/01/21,289310.0,1.96,1.9,1.96,1.89
27/01/21,68110.0,1.9,1.89,1.9,1.89
28/01/21,59400.0,1.9,1.9,1.92,1.9
01/02/21,265510.0,1.85,2.17,2.17,1.85
02/02/21,95090.0,2.14,2.01,2.14,2.0
03/02/21,69950.0,2.01,1.99,2.02,1.99
04/02/21,18320.0,1.98,2.05,2.1,1.98
05/02/21,38900.0,2.0,2.01,2.1,2.0
08/02/21,526730.0,1.99,2.0,2.16,1.98
09/02/21,158840.0,2.0,2.03,2.09,1.98
10/02/21,113160.0,2.03,2.03,2.03,2.0
11/02/21,239180.0,2.07,2.15,2.15,2.0
15/02/21,300190.0,2.05,2.01,2.12,2.0
16/02/21,3817220.0,2.05,2.16,2.7,2.05
17/02/21,349930.0,2.25,2.17,2.25,2.1
18/02/21,269110.0,2.17,2.15,2.19,2.08
19/02/21,154050.0,2.13,2.13,2.13,2.1
22/02/21,412740.0,2.16,2.1,2.18,2.03
23/02/21,340390.0,2.04,2.15,2.16,2.03
24/02/21,340570.0,2.15,2.03,2.15,2.03
26/02/21,95590.0,2.03,2.13,2.15,2.03
01/03/21,434010.0,2.07,2.25,2.25,2.07
02/03/21,518650.0,2.2,2.25,2.4,2.2
03/03/21,141660.0,2.22,2.15,2.22,2.11
05/03/21,169290.0,2.09,2.07,2.15,2.07
08/03/21,183730.0,2.08,2.03,2.08,2.02
09/03/21,160100.0,2.11,2.16,2.17,2.11
10/03/21,83340.0,2.03,1.98,2.11,1.98
11/03/21,142040.0,1.98,2.04,2.04,1.96
15/03/21,397940.0,1.97,1.9,1.97,1.9
16/03/21,72640.0,1.91,1.94,2.02,1.91
17/03/21,121560.0,1.94,2.0,2.05,1.94
18/03/21,143440.0,1.97,1.96,2.1,1.95
19/03/21,83280.0,1.96,2.0,2.0,1.9
22/03/21,75460.0,1.97,2.03,2.04,1.93
23/03/21,10300.0,2.06,2.06,2.06,2.06
24/03/21,99810.0,2.05,1.9,2.05,1.9
25/03/21,2000.0,2.0,2.0,2.0,2.0
26/03/21,60980.0,2.0,2.05,2.05,2.0
30/03/21,27110.0,2.0,1.92,2.0,1.92
31/03/21,142790.0,1.95,2.08,2.08,1.95
05/04/21,162590.0,2.08,2.09,2.12,2.03
06/04/21,752440.0,2.11,2.14,2.25,2.11
07/04/21,297500.0,2.19,2.26,2.27,2.11
08/04/21,433910.0,2.14,2.23,2.25,2.09
12/04/21,26220.0,2.2,2.2,2.2,2.17
13/04/21,49160.0,2.13,2.2,2.2,2.11
14/04/21,8520.0,2.11,2.19,2.19,2.11
16/04/21,21900.0,2.19,2.19,2.19,2.19
19/04/21,31000.0,2.06,2.16,2.16,2.06
20/04/21,1313730.0,2.14,2.41,2.68,2.14
21/04/21,494070.0,2.25,2.24,2.3,2.18
22/04/21,468890.0,2.23,2.28,2.3,2.16
23/04/21,46530.0,2.28,2.2,2.28,2.2
26/04/21,103170.0,2.22,2.28,2.28,2.2
27/04/21,492500.0,2.22,2.21,2.32,2.18
28/04/21,20250.0,2.25,2.25,2.25,2.25
29/04/21,133440.0,2.25,2.22,2.28,2.21
30/04/21,410530.0,2.27,2.38,2.41,2.22
03/05/21,232720.0,2.38,2.34,2.42,2.34
04/05/21,202540.0,2.39,2.38,2.4,2.34
05/05/21,201500.0,2.38,2.37,2.38,2.3
06/05/21,9480.0,2.37,2.37,2.37,2.37
07/05/21,133140.0,2.26,2.29,2.32,2.23
10/05/21,99430.0,2.28,2.28,2.28,2.2
11/05/21,44260.0,2.21,2.26,2.26,2.19
12/05/21,275550.0,2.26,2.28,2.3,2.19
14/05/21,141480.0,2.28,2.26,2.28,2.19
17/05/21,124520.0,2.19,2.23,2.23,2.18
18/05/21,44000.0,2.2,2.2,2.2,2.2
19/05/21,154680.0,2.06,2.13,2.14,1.98
20/05/21,39580.0,2.08,2.14,2.14,2.08
21/05/21,10340.0,2.05,2.14,2.14,2.05
24/05/21,4220.0,2.08,2.14,2.14,2.08
25/05/21,2140.0,2.14,2.14,2.14,2.14
26/05/21,2120.0,2.12,2.12,2.12,2.12
27/05/21,6370.0,2.12,2.13,2.13,2.12
28/05/21,2130.0,2.13,2.13,2.13,2.13
31/05/21,22130.0,2.0,2.13,2.13,2.0
01/06/21,2130.0,2.13,2.13,2.13,2.13
02/06/21,61690.0,2.13,2.05,2.17,2.05
03/06/21,158250.0,2.13,2.26,2.26,2.13
04/06/21,6570.0,2.22,2.2,2.22,2.15
07/06/21,23840.0,2.16,2.2,2.2,2.16
08/06/21,55160.0,2.2,2.18,2.26,2.18
09/06/21,6540.0,2.18,2.18,2.18,2.18
10/06/21,40670.0,2.15,2.2,2.2,2.11
11/06/21,130800.0,2.15,2.26,2.29,2.15
14/06/21,40660.0,2.24,2.26,2.26,2.24
15/06/21,337910.0,2.3,2.31,2.31,2.26
16/06/21,11500.0,2.3,2.3,2.3,2.3
17/06/21,6920.0,2.3,2.32,2.32,2.3
18/06/21,527590.0,2.3,2.4,2.53,2.3
21/06/21,97380.0,2.32,2.32,2.4,2.31
23/06/21,48720.0,2.3,2.36,2.36,2.3
25/06/21,121580.0,2.39,2.36,2.42,2.31
28/06/21,152010.0,2.41,2.37,2.41,2.37
29/06/21,451740.0,2.4,2.45,2.47,2.38
30/06/21,29420.0,2.45,2.45,2.46,2.45
02/07/21,28920.0,2.41,2.41,2.41,2.41
06/07/21,327310.0,2.41,2.15,2.41,2.15
07/07/21,582750.0,2.4,2.27,2.5,2.2
08/07/21,69370.0,2.3,2.22,2.3,2.22
09/07/21,2230.0,2.23,2.23,2.23,2.23
12/07/21,97270.0,2.23,2.25,2.25,2.19
15/07/21,8700.0,2.15,2.2,2.2,2.15
16/07/21,6300.0,2.1,2.1,2.1,2.1
19/07/21,45890.0,2.05,2.18,2.18,2.04
22/07/21,4300.0,2.12,2.18,2.18,2.12
23/07/21,77790.0,2.18,2.15,2.34,2.15
27/07/21,6450.0,2.15,2.15,2.15,2.15
28/07/21,10750.0,2.15,2.15,2.15,2.15
30/07/21,20890.0,2.1,2.15,2.15,2.06
03/08/21,10800.0,2.15,2.2,2.2,2.15
05/08/21,4200.0,2.1,2.1,2.1,2.1
06/08/21,18180.0,2.02,2.02,2.02,2.02
09/08/21,38700.0,2.06,2.2,2.2,2.06
11/08/21,22100.0,2.21,2.21,2.21,2.21
12/08/21,147740.0,2.22,2.31,2.32,2.22
16/08/21,126020.0,2.26,2.3,2.3,2.26
17/08/21,148080.0,2.13,2.22,2.22,2.13
18/08/21,50750.0,2.2,2.25,2.25,2.2
19/08/21,26260.0,2.2,2.25,2.25,2.17
20/08/21,202390.0,2.17,2.25,2.35,2.17
26/08/21,22560.0,2.25,2.25,2.27,2.25
27/08/21,11000.0,2.2,2.2,2.2,2.2
31/08/21,10900.0,2.2,2.15,2.2,2.15
09/09/21,4400.0,2.2,2.2,2.2,2.2
10/09/21,28000.0,2.15,2.2,2.2,2.15
21/09/21,34310.0,2.01,2.11,2.11,2.0
22/09/21,6330.0,2.11,2.11,2.11,2.11
24/09/21,10600.0,2.12,2.12,2.12,2.12
27/09/21,4220.0,2.11,2.11,2.11,2.11
27/09/21,4220.0,2.11,2.11,2.11,2.11
28/09/21,4040.0,2.02,2.02,2.02,2.02
29/09/21,20300.0,2.03,2.03,2.03,2.03
04/10/21,20000.0,2.0,2.0,2.0,2.0
05/10/21,40000.0,2.0,2.0,2.0,2.0
08/10/21,18000.0,2.0,2.0,2.0,2.0
11/10/21,20000.0,2.0,2.0,2.0,2.0
12/10/21,2000.0,2.0,2.0,2.0,2.0
14/10/21,10000.0,2.0,2.0,2.0,2.0
20/10/21,54110.0,1.93,2.0,2.0,1.93
21/10/21,5880.0,1.94,2.0,2.0,1.94
22/10/21,4000.0,2.0,2.0,2.0,2.0
26/10/21,88000.0,1.96,2.0,2.0,1.95
28/10/21,70850.0,1.92,1.95,1.95,1.91
02/11/21,5810.0,1.94,1.95,1.95,1.92
03/11/21,11520.0,1.92,1.92,1.92,1.92
04/11/21,99000.0,1.91,1.95,1.95,1.9
11/11/21,57130.0,1.95,1.9,1.95,1.9
19/11/21,3800.0,1.85,1.95,1.95,1.85
24/11/21,3800.0,1.9,1.9,1.9,1.9
25/11/21,3800.0,1.9,1.9,1.9,1.9
01/12/21,39760.0,1.8,1.88,1.88,1.8
02/12/21,10900.0,1.85,1.8,1.85,1.8
02/12/21,10900.0,1.85,1.8,1.85,1.8
09/12/21,8800.0,1.7,1.8,1.8,1.7
14/12/21,15590.0,1.8,1.79,1.8,1.7
16/12/21,3600.0,1.8,1.8,1.8,1.8
17/12/21,18860.0,1.8,1.7,1.8,1.7
20/12/21,8400.0,1.68,1.68,1.68,1.68
22/12/21,40290.0,1.77,1.75,1.77,1.75
23/12/21,3500.0,1.75,1.75,1.75,1.75
23/12/21,3500.0,1.75,1.75,1.75,1.75
27/12/21,49050.0,1.75,1.8,1.8,1.75
28/12/21,12200.0,1.75,1.74,1.75,1.74
29/12/21,11900.0,1.68,1.75,1.75,1.68
31/12/21,50460.0,1.74,1.74,1.74,1.74
03/01/22,13950.0,1.74,1.75,1.75,1.74
05/01/22,3480.0,1.74,1.74,1.74,1.74
06/01/22,8700.0,1.74,1.74,1.74,1.74
13/01/22,60610.0,1.78,1.82,1.82,1.78
18/01/22,3480.0,1.7,1.78,1.78,1.7
20/01/22,34100.0,1.7,1.72,1.72,1.7
21/01/22,22290.0,1.71,1.74,1.74,1.71
24/01/22,28970.0,1.71,1.7,1.71,1.7
27/01/22,6700.0,1.65,1.7,1.7,1.65
27/01/22,6700.0,1.65,1.7,1.7,1.65
27/01/22,6700.0,1.65,1.7,1.7,1.65
02/02/22,3240.0,1.59,1.65,1.65,1.59
02/02/22,3240.0,1.59,1.65,1.65,1.59
03/02/22,4950.0,1.65,1.65,1.65,1.65
03/02/22,4950.0,1.65,1.65,1.65,1.65
04/02/22,30650.0,1.65,1.65,1.65,1.6
04/02/22,30650.0,1.65,1.65,1.65,1.6
07/02/22,1650.0,1.65,1.65,1.65,1.65
07/02/22,1650.0,1.65,1.65,1.65,1.65
09/02/22,1650.0,1.65,1.65,1.65,1.65
10/02/22,8200.0,1.64,1.64,1.64,1.64
17/02/22,33940.0,1.64,1.61,1.7,1.6
18/02/22,11530.0,1.65,1.64,1.65,1.64
21/02/22,43550.0,1.62,1.64,1.64,1.59
21/02/22,43550.0,1.62,1.64,1.64,1.59
21/02/22,43550.0,1.62,1.64,1.64,1.59
22/02/22,3280.0,1.64,1.64,1.64,1.64
23/02/22,8200.0,1.64,1.64,1.64,1.64
24/02/22,4900.0,1.62,1.64,1.64,1.62
24/02/22,4900.0,1.62,1.64,1.64,1.62
28/02/22,1640.0,1.64,1.64,1.64,1.64
01/03/22,3280.0,1.64,1.64,1.64,1.64
02/03/22,3280.0,1.64,1.64,1.64,1.64
03/03/22,4920.0,1.64,1.64,1.64,1.64
08/03/22,8000.0,1.6,1.6,1.6,1.6
09/03/22,8160.0,1.6,1.64,1.64,1.6
14/03/22,12640.0,1.58,1.58,1.58,1.58
16/03/22,164510.0,1.64,1.7,1.84,1.64
13/04/22,165180.0,1.8,1.7,1.84,1.7
18/04/22,38480.0,1.7,1.82,1.82,1.7
18/04/22,38480.0,1.7,1.82,1.82,1.7
27/04/22,8450.0,1.69,1.69,1.69,1.69
04/05/22,61340.0,1.53,1.6,1.6,1.52
05/05/22,76520.0,1.63,1.69,1.69,1.63
05/05/22,76520.0,1.63,1.69,1.69,1.63
06/05/22,1690.0,1.69,1.69,1.69,1.69
06/05/22,1690.0,1.69,1.69,1.69,1.69
10/05/22,11760.0,1.56,1.7,1.7,1.56
26/05/22,3200.0,1.6,1.6,1.6,1.6
26/05/22,3200.0,1.6,1.6,1.6,1.6
27/05/22,19200.0,1.6,1.6,1.6,1.6
27/05/22,19200.0,1.6,1.6,1.6,1.6
01/06/22,3160.0,1.58,1.58,1.58,1.58
01/06/22,3160.0,1.58,1.58,1.58,1.58
06/06/22,12610.0,1.6,1.57,1.6,1.57
06/06/22,12610.0,1.6,1.57,1.6,1.57
06/06/22,12610.0,1.6,1.57,1.6,1.57
08/06/22,3240.0,1.62,1.62,1.62,1.62
08/06/22,3240.0,1.62,1.62,1.62,1.62
23/06/22,12480.0,1.56,1.56,1.56,1.56
24/06/22,33630.0,1.6,1.63,1.63,1.6
28/06/22,4770.0,1.59,1.59,1.59,1.59
30/06/22,1520.0,1.52,1.52,1.52,1.52
01/07/22,13680.0,1.52,1.52,1.52,1.52
05/07/22,7550.0,1.51,1.51,1.51,1.51
07/07/22,158700.0,1.5,1.64,1.68,1.44
07/07/22,158700.0,1.5,1.64,1.68,1.44
11/07/22,3760.0,1.88,1.88,1.88,1.88
11/07/22,3760.0,1.88,1.88,1.88,1.88
18/07/22,17600.0,1.76,1.76,1.76,1.76
19/07/22,10520.0,1.43,1.73,1.73,1.43
21/07/22,8000.0,1.6,1.6,1.6,1.6
22/07/22,14750.0,1.48,1.47,1.48,1.47
27/07/22,33760.0,1.6,1.76,1.76,1.6
28/07/22,6220.0,1.5,1.71,1.71,1.5
29/07/22,33000.0,1.65,1.65,1.65,1.65
10/08/22,7450.0,1.49,1.49,1.49,1.49
18/08/22,10430.0,1.49,1.49,1.49,1.49
19/08/22,4440.0,1.48,1.48,1.48,1.48
26/08/22,21630.0,1.65,1.68,1.68,1.65
26/08/22,21630.0,1.65,1.68,1.68,1.65
12/09/22,5020.0,1.67,1.68,1.68,1.67
16/09/22,19610.0,1.67,1.49,1.67,1.49
30/09/22,74500.0,1.49,1.49,1.49,1.49
03/10/22,58200.0,1.45,1.35,1.45,1.35
05/10/22,83330.0,1.35,1.32,1.35,1.32
10/10/22,38520.0,1.21,1.2,1.21,1.2
02/11/22,6280.0,1.38,1.66,1.66,1.38
23/01/23,57610.0,1.47,1.48,1.48,1.47
07/02/23,2900.0,1.45,1.45,1.45,1.45
08/02/23,79110.0,1.45,1.27,1.45,1.2
09/02/23,1270.0,1.27,1.27,1.27,1.27
10/02/23,17390.0,1.59,1.58,1.59,1.58
13/02/23,44890.0,1.58,1.65,1.76,1.57
14/02/23,17680.0,1.76,1.77,1.77,1.76
14/02/23,17680.0,1.76,1.77,1.77,1.76
15/02/23,1750.0,1.75,1.75,1.75,1.75
23/03/23,15660.0,1.26,1.62,1.62,1.26
24/04/23,15000.0,1.5,1.5,1.5,1.5
10/05/23,15820.0,1.71,1.78,1.78,1.71
16/05/23,5300.0,1.31,1.33,1.33,1.31
17/05/23,9910.0,1.79,1.52,1.79,1.52
23/05/23,3480.0,1.74,1.74,1.74,1.74
09/06/23,8840.0,1.76,1.79,1.79,1.76
03/07/23,44100.0,1.26,1.26,1.26,1.26
04/07/23,3440.0,1.71,1.73,1.73,1.71
31/07/23,12500.0,1.25,1.25,1.25,1.25
03/08/23,8680.0,1.24,1.24,1.24,1.24
09/08/23,12500.0,1.25,1.25,1.25,1.25
16/08/23,3720.0,1.24,1.24,1.24,1.24
17/08/23,1600.0,1.6,1.6,1.6,1.6
31/08/23,15960.0,1.14,1.14,1.14,1.14
01/09/23,6900.0,1.15,1.15,1.15,1.15
19/09/23,22900.0,1.15,1.14,1.15,1.14
20/09/23,9080.0,1.01,1.0,1.01,1.0
28/09/23,43960.0,0.74,0.8,0.8,0.72
29/09/23,87350.0,1.19,1.04,1.19,1.04
02/10/23,11480.0,1.06,1.04,1.06,1.04
02/10/23,11480.0,1.06,1.04,1.06,1.04
24/01/24,750.0,0.75,0.75,0.75,0.75
31/01/24,7500.0,0.75,0.75,0.75,0.75
05/02/24,15960.0,0.76,0.76,0.76,0.76
06/02/24,20980.0,1.11,0.98,1.11,0.97
07/02/24,8820.0,0.98,0.98,0.98,0.98
06/03/24,3850.0,0.77,0.77,0.77,0.77
07/03/24,1010.0,1.01,1.01,1.01,1.01
07/03/24,1010.0,1.01,1.01,1.01,1.01
08/03/24,2140.0,1.07,1.07,1.07,1.07
13/03/24,84630.0,0.82,0.75,0.82,0.75
18/03/24,1990.0,1.01,0.98,1.01,0.98
21/03/24,19790.0,0.98,1.0,1.0,0.98
02/04/24,6930.0,0.77,0.77,0.77,0.77
03/04/24,3000.0,1.02,0.99,1.02,0.99
19/04/24,3160.0,0.79,0.79,0.79,0.79
19/04/24,3160.0,0.79,0.79,0.79,0.79
23/04/24,800.0,0.8,0.8,0.8,0.8
29/04/24,1600.0,0.8,0.8,0.8,0.8
30/04/24,800.0,0.8,0.8,0.8,0.8
02/05/24,800.0,0.8,0.8,0.8,0.8
02/05/24,800.0,0.8,0.8,0.8,0.8
09/05/24,5970.0,1.02,0.99,1.02,0.99
23/05/24,980.0,0.98,0.98,0.98,0.98
24/05/24,3040.0,0.76,0.76,0.76,0.76
14/06/24,45340.0,1.0,0.81,1.01,0.81
24/06/24,800.0,0.8,0.8,0.8,0.8
28/06/24,2010.0,1.01,1.0,1.01,1.0
01/07/24,1000.0,1.0,1.0,1.0,1.0
03/07/24,2800.0,0.8,1.0,1.0,0.8
16/07/24,11170.0,1.0,1.1,1.1,1.0
02/08/24,1100.0,1.1,1.1,1.1,1.1
05/08/24,3160.0,0.79,0.79,0.79,0.79
07/08/24,17560.0,1.09,1.1,1.1,1.09
16/08/24,76000.0,0.8,0.88,0.88,0.8
19/08/24,13600.0,0.85,0.84,0.86,0.84
20/08/24,14520.0,1.09,0.95,1.09,0.93
21/08/24,25290.0,1.09,0.99,1.09,0.99
28/08/24,1980.0,0.99,0.99,0.99,0.99
30/08/24,2460.0,0.81,0.84,0.84,0.81
02/09/24,1680.0,0.84,0.84,0.84,0.84
03/09/24,16800.0,0.84,0.84,0.84,0.84
04/09/24,810.0,0.81,0.81,0.81,0.81
06/09/24,4360.0,1.1,1.08,1.1,1.08
09/09/24,1070.0,1.07,1.07,1.07,1.07
10/09/24,3210.0,1.07,1.07,1.07,1.07
19/09/24,10980.0,0.99,1.0,1.0,0.99
27/09/24,45000.0,1.0,1.0,1.1,1.0
04/10/24,2240.0,1.0,1.24,1.24,1.0
07/10/24,3960.0,1.24,1.48,1.48,1.24
08/10/24,6480.0,1.48,1.67,1.67,1.48
09/10/24,1640.0,1.64,1.64,1.64,1.64
11/10/24,1650.0,1.65,1.65,1.65,1.65
14/10/24,15600.0,1.19,1.22,1.22,1.19
15/10/24,60030.0,1.24,1.58,1.65,1.24
16/10/24,38540.0,1.58,1.26,1.58,1.26
17/10/24,54340.0,1.28,1.7,1.7,1.28
18/10/24,7190.0,1.8,1.79,1.8,1.79
21/10/24,6280.0,1.5,1.78,1.78,1.5
22/10/24,7050.0,1.76,1.78,1.78,1.75
23/10/24,1830.0,1.83,1.83,1.83,1.83
24/10/24,1350.0,1.35,1.35,1.35,1.35
25/10/24,8220.0,1.37,1.37,1.37,1.37
28/10/24,4090.0,1.37,1.36,1.37,1.36
30/10/24,10650.0,1.2,1.18,1.2,1.18
31/10/24,38370.0,1.17,1.17,1.17,1.16
06/11/24,1180.0,1.18,1.18,1.18,1.18
08/11/24,8590.0,1.2,1.47,1.48,1.2
11/11/24,1460.0,1.46,1.46,1.46,1.46
12/11/24,114000.0,1.14,1.14,1.14,1.14
13/11/24,8680.0,1.46,1.15,1.47,1.15
15/11/24,1060.0,1.06,1.06,1.06,1.06
20/11/24,5750.0,1.15,1.15,1.15,1.15
29/11/24,2160.0,1.08,1.08,1.08,1.08
03/12/24,10290.0,1.33,1.27,1.34,1.27
05/12/24,5650.0,1.13,1.13,1.13,1.13
18/12/24,1130.0,1.13,1.13,1.13,1.13
09/01/25,4980.0,1.19,1.37,1.37,1.19
10/01/25,50250.0,1.35,1.45,1.45,1.29
21/01/25,2320.0,1.16,1.16,1.16,1.16
13/02/25,2000.0,1.0,1.0,1.0,1.0
21/02/25,4840.0,1.05,1.43,1.43,1.05
07/03/25,7220.0,1.43,1.45,1.45,1.43
11/03/25,45810.0,1.45,1.66,1.66,1.45
13/03/25,1650.0,1.65,1.65,1.65,1.65
18/03/25,1170.0,1.17,1.17,1.17,1.17
19/03/25,31070.0,1.66,1.6,1.66,1.6
20/03/25,105380.0,1.66,2.0,2.05,1.66
21/03/25,144030.0,1.43,2.13,2.16,1.43
24/03/25,46500.0,1.7,2.1,2.1,1.7
24/03/25,46500.0,1.7,2.1,2.1,1.7
26/03/25,27050.0,2.08,2.09,2.09,2.08
02/04/25,25100.0,2.09,2.1,2.1,2.09
15/04/25,6350.0,1.49,1.53,1.8,1.49
25/04/25,1880.0,1.88,1.88,1.88,1.88
28/04/25,16940.0,2.1,2.15,2.15,2.08
29/04/25,4260.0,2.13,2.13,2.13,2.13
02/05/25,1540.0,1.54,1.54,1.54,1.54
07/05/25,40110.0,1.61,2.08,2.08,1.6
08/05/25,6310.0,2.07,2.12,2.12,2.07
14/05/25,38750.0,1.55,1.55,1.55,1.55
16/05/25,8120.0,2.06,2.02,2.06,2.02
20/05/25,30380.0,1.62,1.85,1.85,1.62
21/05/25,4950.0,1.65,1.65,1.65,1.65
22/05/25,1630.0,1.63,1.63,1.63,1.63
23/05/25,4860.0,1.62,1.62,1.62,1.62
27/05/25,5130.0,1.7,1.72,1.72,1.7
29/05/25,3550.0,1.77,1.78,1.78,1.77
